excel_row,processed_csv_row,text_sha256,category,n_chars,n_words,mean_word_length,digit_ratio,uppercase_ratio,n_links,n_exclamations
2,2,8ebf1751e27506d179df5ce93dad03ada4a15d335d43892868df8d963e5ebc49,Phishing,97,16,4.6875,0.010309278350515464,0.02666666666666667,0,0
3,3,bed1869a755094abd46315fe07505ed6db614a756ac34ca90f9cb8d37544a85c,Phishing,113,22,4.090909090909091,0.0,0.022222222222222223,0,0
4,4,66c3fdfee64165f4fc172121e461ba57736d32be23f9b2969a45d10aa67b54b2,Phishing,94,17,4.470588235294118,0.0,0.02631578947368421,0,0
5,5,9cd416f7c8113965d53a35864b79beabd6c28d9cd5f638a8daec38ae4c9e4fb6,Phishing,53,10,3.8,0.018867924528301886,0.05263157894736842,0,0
6,6,63f80c048e343f424036ead688980159cf3a90be41b438ccedef93341161ab9c,Phishing,97,15,5.066666666666666,0.010309278350515464,0.039473684210526314,0,0
7,7,49bee010ecb8873e465a8f2144f6ed554e023930f47db10811fd46b8bd7ad057,Phishing,182,29,5.068965517241379,0.005494505494505495,0.02040816326530612,0,1
8,8,72f9613cb227bb2f066edf467f9a8041450c6aa85aef8da72eefd2a1c8c4d3be,Phishing,129,21,5.095238095238095,0.0,0.028037383177570093,0,0
9,9,525c8f94b6874b0e9febe46f9e83c1c8477f67cde882d0197357b4d276d3b751,Phishing,133,23,4.739130434782608,0.0,0.027522935779816515,0,0
10,10,f8b0a35a339e7d20f6ff89641b1c18463259b69e372b8b06bbda7c2b75ae2933,Phishing,105,19,4.473684210526316,0.0,0.03529411764705882,0,0
11,11,429a020f8a74aad0a7b788e6c4149a60ed1d41c38f719e1a845d369ca4517442,Phishing,111,19,4.7894736842105265,0.0,0.03296703296703297,0,0
12,12,829351dd04f4c04435f067730c6b9379df7cda1fb72e1bf58c5f9249064a775e,Phishing,110,19,4.7368421052631575,0.0,0.03333333333333333,0,0
13,13,5ac61d1894ab9f853412a045e445fe9f08cd63378ac65375433fa9e25d9a44d9,Phishing,122,20,5.05,0.0,0.039603960396039604,0,0
14,14,0891dcba8465e821a7be85ddb2d5f521ae4a4e5c5047aa75578c1f0740e946a7,Phishing,103,19,4.368421052631579,0.0,0.03614457831325301,0,0
15,15,0400e084186b711531d87e935ae06a40542071ece89e2701d2232e6fe6a5b76d,Phishing,115,19,5.0,0.0,0.031578947368421054,0,0
16,16,0637a6c9dc89dc862a177f976b04639b05081e1d7130d4eda74b0a416a42c3c0,Phishing,108,19,4.631578947368421,0.0,0.056818181818181816,0,0
17,17,48dd5f2e3f9fc349d095b15594d8513b6e5749601e50896e6a2e8df7701e2c5a,Phishing,109,19,4.684210526315789,0.0,0.033707865168539325,0,0
18,18,d064a5578a8de484f4851dcafbdb9c95da8c19d069480fab56f09035280a3c5a,Phishing,107,19,4.578947368421052,0.0,0.034482758620689655,0,0
19,19,60fa554686ebccaf7a44ea14f04f75cc8489fd1fd84dab71176d47f4f38302a7,Phishing,116,20,4.75,0.0,0.021052631578947368,0,0
20,20,761b2ae4e323ebfa822e64b481b3129b47d64d6934cb76f7c29ae099ee700f8f,Phishing,116,19,5.052631578947368,0.0,0.041666666666666664,0,0
21,21,d624cbe4053b5690097c768e291f19f4c27a93f40721f8da68f1e90e934f406e,Phishing,115,19,5.0,0.0,0.031578947368421054,0,0
22,22,b4fa902d19058bd14896b83671091a295be103b120e5542fd7f5f1b655a7d0dc,Phishing,111,19,4.7894736842105265,0.0,0.03296703296703297,0,0
23,23,b76fbe30d13a847168c6c3eb7a4cbd5c6cdbcb33572f66de84ee72fa09a475ca,Phishing,112,19,4.842105263157895,0.0,0.021739130434782608,0,0
24,24,86c62b4336ae9144b395ab15227c89620bd8868a3370579bd5b37b86e9012636,Phishing,75,12,5.166666666666667,0.0,0.03225806451612903,0,0
25,25,98919baf2cef3e85ad42e1ea60f91a7b37ae3490bf6cbe3421a20faad97c6fce,Phishing,78,13,4.923076923076923,0.0,0.03125,0,0
26,26,3a17077c86f681157316ea78adc511024ade66d7d671c70e6081b3624c4ca683,Phishing,74,12,5.083333333333333,0.0,0.06557377049180328,0,0
27,27,1b02f5d8a452f58656d58db871c3254302e528fe3df9a225654c44b87472907b,Phishing,125,21,4.904761904761905,0.0,0.02912621359223301,0,0
28,28,08ae9654c526063e975383a3b603851d311303192ab36d948d3d036db73390e6,Phishing,113,19,4.894736842105263,0.0,0.03225806451612903,0,0
29,29,19961de76e24ba6c044673105ff977ed78810527f6d7d57f3cbf9665167f2181,Phishing,113,19,4.894736842105263,0.0,0.03225806451612903,0,0
30,30,842e4431159798a5820c5940f14e9d269bf2f66ecee64aa348ff810917ee9fce,Phishing,117,19,5.105263157894737,0.0,0.030927835051546393,0,0
31,31,243ce80fad856164602d2dd4498c118c7b284b0578a1a0e6ef300d7e0e64a04b,Phishing,78,12,5.416666666666667,0.0,0.046153846153846156,0,0
32,32,fa0fbf0792f21afedc9afbbc30d84118530f6f7d8f30f8b3d2c84a038c8c5fd3,Phishing,74,12,5.083333333333333,0.0,0.06557377049180328,0,0
33,33,6911843a78610b88f6acec976e12a84285bfc31aebbc35e66cb9589af9111762,Phishing,113,19,4.894736842105263,0.0,0.03225806451612903,0,0
34,34,3a25610d732289db633869e6e995cbd890d74e8ba32d30cac2293e672882309c,Phishing,114,19,4.947368421052632,0.0,0.031914893617021274,0,0
35,35,1b0a2266d1801075df90c9853cc6052e8bdf2126c5f9a0bf243ec61769b09361,Phishing,114,19,4.947368421052632,0.0,0.0425531914893617,0,0
36,36,069c4f4278a4720de3aa10d2b37917f42da3327a7443f4a8173f44aa3a32fe52,Phishing,74,12,5.083333333333333,0.0,0.04918032786885246,0,0
37,37,fbcb1c8dce47c829544c4569fbc53772048e30f4c08434b6dc60fe96a250d679,Phishing,94,18,4.166666666666667,0.0,0.02666666666666667,0,0
38,38,0852785bc990a451a4614715f89d354798dc172639d9567aa81f47e2e65ef5a9,Phishing,108,20,4.35,0.0,0.022988505747126436,0,0
39,39,2e0986f40b339ebf3d950464e995e4f6816f8768cc40bad7b283f18bb5af9144,Phishing,116,19,5.052631578947368,0.0,0.03125,0,0
40,40,8e064091cd3b7747eea18c8e5a58c4c3f189751989b9064dc4fae34d254f1faf,Phishing,104,19,4.421052631578948,0.0,0.03571428571428571,0,0
41,41,e8b353e44dfbbe77eb7b43fe2322f7ac1c2d774c1947b00566a09427da079cf2,Phishing,79,12,5.5,0.0,0.045454545454545456,0,0
42,42,816ed6ef37df27a339c4b58e2e006b6d4f1a5a89950e3e70634d2ac60ac47724,Phishing,76,12,5.25,0.0,0.047619047619047616,0,0
43,43,18c41d330e5132c9560782cca416289f2583098adc902876478d7431374ed7aa,Phishing,77,12,5.333333333333333,0.0,0.046875,0,0
44,44,99fb5c30f141a5587a92bc1a654612a3c0d5aec0102d87952419ab57eeae5bb0,Phishing,78,12,5.416666666666667,0.0,0.06153846153846154,0,0
45,45,780371791b461965eec1f998ea9da70fcbb130914df6c2a1e0725b7fd14c7250,Phishing,77,12,5.333333333333333,0.0,0.046875,0,0
46,46,451004ba1520c01ae741824acfecc44af9888846cb05abacf2f38021126e4134,Phishing,74,12,5.083333333333333,0.0,0.04918032786885246,0,0
47,47,4751adfa1f733ed4d5c7d80536156e1f0dea1672c18cfb50412c03cbc35d1aba,Phishing,76,12,5.25,0.0,0.06349206349206349,0,0
48,48,e4fb4822e186a05ed3857458cd77a477c400b5a7fe90c94bdddef3e8fc3a1144,Phishing,79,12,5.5,0.0,0.045454545454545456,0,0
49,49,7ae3eeddec6f62c11ffa5599db9e1b044f27e801e6636dd4ca7884ed8bfe3efa,Phishing,76,12,5.25,0.0,0.06349206349206349,0,0
50,50,34d3a50999c59fd08bd59fee2d7b9636d9d6a6b2a23bcc756c82802d46299172,Phishing,75,12,5.166666666666667,0.0,0.04838709677419355,0,0
51,51,75e94a076baa70b6d50e31178c73756cba5d6c2345f3999732a8dccde5940ca1,Phishing,72,12,4.916666666666667,0.0,0.05084745762711865,0,0
52,52,4aa18999df2e38795e0a426ae6b8183fbfe019652b06219ea10984f94b24b4d3,Phishing,74,12,5.083333333333333,0.0,0.04918032786885246,0,0
53,53,afa8ba4fb6f17496d3b3e63040fb321d6bcda60e7abe46ee5f5ad9b16c180b21,Phishing,73,12,5.0,0.0,0.05,0,0
54,54,8b4218ed8d9de1d936f8c6726961db6cce816d767f5dd9d8f8fe215fe0ed933a,Phishing,73,12,5.0,0.0,0.05,0,0
55,55,6aa1faaf1fa4f752c34b824af77a354273152642e5f1df7c85432f8132943b58,Phishing,70,12,4.75,0.0,0.05263157894736842,0,0
56,56,feb128c1f15a1391cb4f9f55643ae4ed3c429a224f5bf765bcf11dfd5479a96d,Phishing,72,12,4.916666666666667,0.0,0.06779661016949153,0,0
57,57,88b835b8de82a1012156f9bbba9ac719e4dcc37264053f38d0cbde2470871f2c,Phishing,75,12,5.166666666666667,0.0,0.04838709677419355,0,0
58,58,a678af91ca66e01ca7f58c16543dd03bf7783eaaf1faee657caeb8cb0e54dc1d,Phishing,72,12,4.916666666666667,0.0,0.05084745762711865,0,0
59,59,b18f6c9c6ea08bf7240eda2e075bac9aa33cf1088162cd7bfa6555c8d084ab8b,Phishing,114,19,4.947368421052632,0.0,0.02127659574468085,0,0
60,60,272981069ebcedd2aeac789dc307901ea29c4d83392f88711142346851c49412,Scareware,89,14,5.285714285714286,0.0,0.013513513513513514,0,0
61,61,43bef1a0ac7197e2991305f3f57bc80d55b590abf23a5e21da3dc0f48af5e854,Scareware,88,14,5.214285714285714,0.0,0.0136986301369863,0,0
62,62,25b43e95a17f848f1d043b2c068c91659b8e9dc2d10eaf90bb5de9179a672cc9,Scareware,75,11,5.7272727272727275,0.0,0.015873015873015872,0,0
63,63,ea81dc7e6c420c9a13d2e17ebcbce7e78923d315a7f74f17e78720ec4e8b625a,Scareware,92,13,6.0,0.0,0.01282051282051282,0,0
64,64,996752328630d178352997fad1bf81970ebc2bfd205971d64b5a483a338f0990,Scareware,86,12,6.083333333333333,0.0,0.0136986301369863,0,0
65,65,e4ecbe60349a281ccf243ceb41bd7b453b8905e0ea0bc79c439b289e9ab8fd8a,Scareware,102,17,4.9411764705882355,0.0,0.023809523809523808,0,0
66,66,740f747e7f173166f94ea388553201a228d4359eee29dfb67563b33e93c5cbc2,Scareware,104,18,4.722222222222222,0.0,0.023529411764705882,0,0
67,67,f79dcc237559ceecc191aea02ec3d395e06e05b936cdc1d40d5973274b76a7b6,Scareware,83,14,4.857142857142857,0.0,0.014705882352941176,0,0
68,68,eee1b607314609475082be321c076752ff17a5e666f9c3f3e3e3ccf76700c6c3,Scareware,83,14,4.857142857142857,0.0,0.014705882352941176,0,0
69,69,eeb0e3883ff27d4f024a8dab8ce34b06bd85ada840bf6f7399e87c97702c1c17,Scareware,83,14,4.857142857142857,0.0,0.014705882352941176,0,0
70,70,0a1f086b7fea6f9bcb85e7dc8e053acde5178a91b9bcf63467c6e4c1d11717f9,Scareware,92,15,5.066666666666666,0.0,0.013157894736842105,0,0
71,71,2039fa6da05c04686e0c782c11448ad4433dc1f4342541966db98802c49b23e1,Scareware,98,15,5.466666666666667,0.0,0.012195121951219513,0,0
72,72,1070ce92af59a37187863586b21e980e2d8ead19b4962c12c69c466b903531fc,Scareware,82,13,5.230769230769231,0.0,0.014705882352941176,0,0
73,73,dcd6db075ed97af5a3128798af4a42038372896e65f527ad4162dc3201787fea,Scareware,83,13,5.3076923076923075,0.0,0.014492753623188406,0,0
74,74,8e13efa737280ec8099acaedd812f301ded866bc6d36d8c05875569a37a0fc8d,Scareware,84,13,5.384615384615385,0.0,0.014285714285714285,0,0
75,75,c95062e24f250872b73cd846c6e59e68a8f40c80fd90792cf16ee2f8a7ec4d03,Scareware,88,14,5.214285714285714,0.0,0.0136986301369863,0,0
76,76,636cdd93f13e146bdc6fa6c979caad08ac802c140f27ce8acdc3d5c144d8157d,Scareware,89,13,5.769230769230769,0.0,0.013333333333333334,0,0
77,77,b089896dfb2fcff45fc470cc2bf32d50a969c1ddbe72a7d4979d6438e04ac375,Scareware,86,14,5.071428571428571,0.0,0.014084507042253521,0,0
78,78,f4f831c3201d38c5207cfa5469aaf5e9a177cb371264a96f6a746473a0b4f211,Scareware,90,14,5.357142857142857,0.0,0.02666666666666667,0,0
79,79,84e43ae86b56530163a73e3c12467dddf7fc34c39802e225803f958da4ed9b59,Scareware,94,15,5.2,0.0,0.01282051282051282,0,0
80,80,ba4f07d82f3ffa2fa356fbb35f58fa1b792ee9bf1879f00d35455e2f13162de6,Scareware,87,13,5.615384615384615,0.0,0.0136986301369863,0,0
81,81,e5a77f036074158333d69547f9f3fbf49d9de129592b56f12dc28a3a0f7705c4,Scareware,91,13,5.923076923076923,0.0,0.025974025974025976,0,0
82,82,33b928ce6ece5ca60dfc86e58abef31f522d4b950d06d602d4a5f182e3fc6c2a,Scareware,85,13,5.461538461538462,0.0,0.014084507042253521,0,0
83,83,fcf86eb343cac5aa7cffae148976e1fb43174b213787ca5210ae2df209d56438,Scareware,111,16,5.875,0.0,0.010638297872340425,0,0
84,84,ab45ad4a3a25cdf9fe2f328a5ba91a061fc9267d8493ef10e318b22551a20284,Scareware,90,14,5.357142857142857,0.0,0.02666666666666667,0,0
85,85,f3786c048de23c0e583ee06b6fd0ecde5144d0f9bbcd890bbeafe637faa8bef7,Scareware,92,15,5.066666666666666,0.0,0.013157894736842105,0,0
86,86,a265e5237c759294df3c1a0b7b13f2f186d8dd27523ee4f2780e206230911efb,Scareware,85,12,6.0,0.0,0.013888888888888888,0,0
87,87,4f29118d67db0464fb98d4758531c4af43653e54c4a58e10077396529e801fba,Scareware,94,15,5.2,0.0,0.02564102564102564,0,0
88,88,abee86a2273bc970edf1ad06d9805857a3d66c905fb7147b938dd5b7db04289d,Scareware,51,9,4.666666666666667,0.0,0.047619047619047616,0,0
89,89,c92adfec8b51a3bf0747f22a678c4d0ab55ba7d9c4f7db0e1be9c2588b8a1894,Scareware,108,16,5.6875,0.0,0.04395604395604396,0,0
90,90,1ed098d5c8078007ffca6ec3b04bc67832f2bbc0c4dd04609d5f794f3b3e76b5,Scareware,97,15,5.4,0.0,0.012345679012345678,0,0
91,91,c8e5dfa21e15229223ba0110a218804389ab82759b26865636a59a96bb547853,Scareware,100,16,5.1875,0.0,0.012048192771084338,0,0
92,92,5c920ea8b5f96c086e834a8835c172d699be0047e9a1781062b60cf5dace32b9,Scareware,106,16,5.5625,0.0,0.033707865168539325,0,0
93,93,052549264ff24d302f8cc65126c7b6c3f4e9c26fb45d2a2697f4082c2bda6a22,Scareware,103,16,5.375,0.0,0.023255813953488372,0,0
94,94,ff420926522840603deb402cf1afd348b0f4e4ce647cf5adf1ddfd59ad23ff2d,Scareware,99,16,5.125,0.0,0.012195121951219513,0,0
95,95,ad1e3d90ea8cb3811c967f28ff2ea5b5b8694c2025745cf76859192cd2f1ab7c,Scareware,94,15,5.2,0.0,0.01282051282051282,0,0
96,96,3c1c18c5519e187cca1aa83251b28f7f7c8c03fddbc2a0993abf0475a3f082e7,Scareware,92,15,5.066666666666666,0.0,0.013157894736842105,0,0
97,97,10e8e5e1146643109ba3fcf230718bcb1c956f36205b1db568092e945f17de97,Scareware,90,14,5.357142857142857,0.0,0.013333333333333334,0,0
98,98,6123c7d673c0e186edad32e54bd1037d35c13dc2b206f2f7256333dfebb54f06,Scareware,95,15,5.266666666666667,0.0,0.012658227848101266,0,0
99,99,932ce79583befd9e25f95912a7e6861571a44516733d9b0f874e002a8665b1a0,Scareware,89,15,4.866666666666666,0.0,0.0136986301369863,0,0
100,100,335362da47ccc166d9ec8c7885cea4d3d716e2330e1d719caffde22c26a88a8a,Scareware,91,15,5.0,0.0,0.013333333333333334,0,0
101,101,61cca8b33a435ed1446592ab633adc088466b8ed9f0e73b97408b8eba9b6ddaa,Scareware,90,15,4.933333333333334,0.0,0.013513513513513514,0,0
102,102,1d9e059410ff499e597a723fc8374f60c243a2c3e2a93c509b7ec4cb228dc925,Scareware,79,12,5.5,0.0,0.015151515151515152,0,0
103,103,6bb5e6069d63fad5950615c751f8d2ee827ec5269791c95601700e651966cb5a,Scareware,95,14,5.714285714285714,0.0,0.0125,0,0
104,104,ac27c6d64ab42e50555daaab883d048cb0b4431731bcc18ba0436d7f97bc7882,Scareware,93,14,5.571428571428571,0.0,0.01282051282051282,0,0
105,105,a10c7fd2c267ae7adbc35364b228b43c248a49bc3a1cd2cb03a1503341460303,Scareware,91,13,5.923076923076923,0.0,0.012987012987012988,0,0
106,106,358e7c544858cde1412c86d32437a4d73964dc582cb38ec71538233f013070d2,Scareware,96,14,5.785714285714286,0.0,0.012345679012345678,0,0
107,107,8237dce0b171aafabcd6bfe15af531dd638aa03b3874341a92e95d77ade480b6,Scareware,90,14,5.357142857142857,0.0,0.013333333333333334,0,0
108,108,771ece39e01d20fe7f8056ddcbb5281810e62107402f03d561bd034051e6ee83,Scareware,92,14,5.5,0.0,0.012987012987012988,0,0
109,109,491353db866227bfadc535e30d5233ecd77b79ac6372c7e5db8c438dfe4515df,Scareware,91,14,5.428571428571429,0.0,0.013157894736842105,0,0
110,110,a1c08e0665786ef8c2e76a6bfddc88994f6c00db9a1fe36852a4e69909d7f547,Scareware,101,16,5.25,0.0,0.011904761904761904,0,0
111,111,a9a7f9e89c880a2449f550e1c011f217668674d69f7f37bf45e91c7d009e9733,Scareware,97,15,5.4,0.0,0.012345679012345678,0,0
112,112,cae9bc053a12d68dce2bb89b46846f61c6c20e53cce5cbbdf058952f96a916b2,Scareware,94,15,5.2,0.0,0.01282051282051282,0,0
113,113,91e8f2d4383e1d15ef2287907788a022b94a07cff0bf0e6250b00d5966478221,Scareware,89,14,5.285714285714286,0.0,0.013513513513513514,0,0
114,114,5428d247a3193d6006f642f41fef8846fbdac573407e2c09bed8968fccf4e8ed,Scareware,90,14,5.357142857142857,0.0,0.013333333333333334,0,0
115,115,085ef1206d59813f1af2742d3773e9e10940340b56e5d2ddfa4f2b9ecbd7b8af,Scareware,95,15,5.266666666666667,0.0,0.012658227848101266,0,0
116,116,3694ac4094417527eb16c2dba95a93cc3712c0471f8ee22ebf2da3b64b99cfd6,Scareware,89,15,4.866666666666666,0.0,0.0136986301369863,0,0
117,117,5044b6f870d4a17ab0efe22fdf8674e05de3bbc32bf6be4f910c0da1beea74a0,Scareware,91,15,5.0,0.0,0.013333333333333334,0,0
118,118,dc34f9940fea926d2734920955ad4e90f53f8346eb2d4d35e98f130c9be35736,Scareware,90,15,4.933333333333334,0.0,0.013513513513513514,0,0
119,119,a465454f7088226dd2f041b0e7fd86498aee6aebedb6454cec8aed0ff0dbb004,Scareware,97,15,5.4,0.0,0.012345679012345678,0,0
120,120,0c1898d2bfa06c4966fefb80600b44321edc70f92ca367bc4fccb21a59544aa0,Scareware,96,16,4.9375,0.0,0.012658227848101266,0,0
121,121,905302c4be3b2ca2fcb2b45c064008b513c416d208cbfa796353d6077960af99,Scareware,94,15,5.2,0.0,0.01282051282051282,0,0
122,122,2619a9a21fd0bb03c24f33e1e23cb1e76c460c51eab0c8bf6f5795f662472089,Scareware,99,16,5.125,0.0,0.012195121951219513,0,0
123,123,aa3cfb0319bd15d56fee3f5f800bbfca837da70e4e1958627b7b0ca2f97f021b,Scareware,92,15,5.066666666666666,0.0,0.013157894736842105,0,0
124,124,fddf058722e3db808514f18dab7861c7353008bc7e3dbc79d0efdc464dfc423c,Scareware,95,16,4.875,0.0,0.01282051282051282,0,0
125,125,069ab178f8c3341d937b236aad3b7f41b174ff48bd5f78dfcc526901e8cf5b83,Scareware,93,15,5.133333333333334,0.0,0.012987012987012988,0,0
126,126,e6be6a577f43e6d5f5c0ea820fd63f3c09c11a61c47d6373e5fa57b89f71e406,Scareware,84,13,5.384615384615385,0.0,0.014285714285714285,0,0
127,127,c8ecabad86ec0e68210c52c5a00f8c33996283b463b02c6dfd03aa067b8d97c5,Scareware,89,14,5.285714285714286,0.0,0.013513513513513514,0,0
128,128,cb71c8ed52de3d911b1edb03e3c8a08be4bac84c02817db753d3db453d1cd002,Scareware,85,14,5.0,0.0,0.014285714285714285,0,0
129,129,197eb0eb2a1da0f5b40cb23e778fc5a9b423cb8b5c6131ebb5a852749fe63be2,Scareware,84,14,4.928571428571429,0.0,0.014492753623188406,0,0
130,130,1e26a5e468baa332f120e72372a85839ca3e5c5a986181d8eacf4c2f4a783fda,Scareware,99,15,5.533333333333333,0.0,0.012048192771084338,0,0
131,131,df47c2a7e7ed614088dc3297cd844454702a9639ff40c7f49d5c6845193958af,Scareware,94,14,5.642857142857143,0.0,0.012658227848101266,0,0
132,132,d59b036e914b096d78dc771e8f1497bf8505ee5a20221e0406928a18bb816c0e,Scareware,95,14,5.714285714285714,0.0,0.0125,0,0
133,133,a03689f2ab2e363bed0073e7d463eb1b9e24a615534cf1f2a483c09f2a7a9b64,Scareware,100,15,5.6,0.0,0.011904761904761904,0,0
134,134,753f4fa8f80c832397a97dfda5078526e049369cbe90ca45fc870ffec8367a07,Scareware,94,15,5.2,0.0,0.01282051282051282,0,0
135,135,47498b81d037efbc9129c5fa00b778a145b50aa0210a0128451444db61543e45,Scareware,96,15,5.333333333333333,0.0,0.0125,0,0
136,136,52b9527ea204c5f3575ea33f578eb2ba1cde215f98eba594b20fcb9d427a5f6a,Scareware,95,15,5.266666666666667,0.0,0.012658227848101266,0,0
137,137,d744d94a57dbd204cb676c84c5306f87584828d415d5b0140bc1704c8f82c5a0,Scareware,105,16,5.5,0.0,0.011363636363636364,0,0
138,138,397e04eae1830c7dfbd7a187cae4b10db4486ee85f041ac9df132630a41197ec,Scareware,104,16,5.4375,0.0,0.011494252873563218,0,0
139,139,8a291a76fa7321a712c0f635a19f6bb83a8cc4e5ed163e0da6786282eccdef56,Malware,95,17,4.529411764705882,0.0,0.025974025974025976,0,0
140,140,c3af1c34db590d490d8fa393936a42739fe424623a60a34b87de60fa6c977271,Malware,115,19,5.0,0.0,0.021052631578947368,0,0
141,141,e2a9df5f47b31d14a9095cb12080439e25fd2f0da3c1b357a322154fe8705980,Malware,120,22,4.363636363636363,0.0,0.020833333333333332,0,0
142,142,0f28bf2a15d6287ef21309dd44c029ac04bfabe4440e637fef797b0e54a21109,Malware,91,16,4.625,0.0,0.02702702702702703,0,0
143,143,fac93a5dd7d774430f3c92a272bf27a5b96b35d40a310c10b3b813bc75070aed,Malware,119,21,4.619047619047619,0.0,0.020618556701030927,0,0
144,144,f9e2c68063531aa420c33e9c5faa05533b2d929860a1e07ef264b9e6fc9d762e,Malware,100,17,4.823529411764706,0.0,0.024390243902439025,0,0
145,145,06d8f0ce89f5b789e1879ea6cb13b870b7e351ede7a7fcebeed880b9e438091e,Malware,114,20,4.65,0.0,0.021505376344086023,0,0
146,146,614f0b26c78a24e4a8de53b6f03b03bdf1515e4f652f4a6291d021bbf4f3c6d6,Malware,116,19,5.052631578947368,0.0,0.020833333333333332,0,0
147,147,2662bf7cfb86eb1776c8871e7ff7c48e2483337b94f08cb106256a68daf91947,Malware,112,20,4.55,0.0,0.02197802197802198,0,0
148,148,d99d4aa597011511f354534d8bff31ae3107d3293881ae5316b66446db004113,Malware,102,19,4.315789473684211,0.0,0.024390243902439025,0,0
149,149,a7e7547d03cc5dc62a362c72fc0abafc3118c2f901d3e3eec697c84f5b60d598,Malware,84,16,4.1875,0.0,0.029850746268656716,0,0
150,150,97546049f29da647815121e73598d216df92fd56599f66bbe170e56973449f6b,Malware,91,16,4.625,0.0,0.02702702702702703,0,0
151,151,b58b9f8f0ef19ac48375b0071ba06b42f6c63321e7d34389096944c6e80856be,Malware,83,16,4.125,0.0,0.030303030303030304,0,0
152,152,52386ba7974dbfa3d6fbfccd9b688c488c859a37d6935ee1a97dc45d522eb3ed,Malware,84,16,4.1875,0.0,0.029850746268656716,0,0
153,153,7f26486f044ca0fa4b0c423e0a5dd08cc9f38cac535b4606e88054f2a47dbd05,Malware,80,16,3.9375,0.0,0.031746031746031744,0,0
154,154,72f9d18f5feda1c393ff06411546d87e65ba5d027ad53b276a38425a70f81f6a,Malware,107,20,4.3,0.0,0.023255813953488372,0,0
155,155,26af1209c8067e8ce2e0f852076c8e73de48df722d10741c39385333ae306bff,Malware,83,16,4.125,0.0,0.030303030303030304,0,0
156,156,7181a67c3f9dec3b2329db4534129679910e46f6a72ee4230c412c5a10263691,Malware,90,16,4.5625,0.0,0.0273972602739726,0,0
157,157,9fa525f5ce0846bb3a96719e4f01430902188a72a26af483e1f93a031e3d3c61,Malware,83,16,4.125,0.0,0.030303030303030304,0,0
158,158,bd0c8f01454f9e61aa996a438f45691b04c4026719fc2b7fc1b23c711984aa1d,Malware,87,15,4.733333333333333,0.0,0.028169014084507043,0,0
159,159,3189c3397411712601fd056da2aa03fce8345d1fcaad6b70a0dfac38bb5e022e,Malware,100,18,4.5,0.0,0.024691358024691357,0,0
160,160,a8e88720824e26a82fd9b1ecf31cedb840d60808bfc4b2cb7256c80ce24c6c1e,Malware,112,20,4.5,0.0,0.022222222222222223,0,0
161,161,21d44fdba0aceb8a9d978ff7d8cde2c384708a1b91244bef707824f6bfe48ddc,Malware,83,14,4.857142857142857,0.0,0.029411764705882353,0,0
162,162,f674a0fe20c38849dd5ef8ba6cec85eff8f2a54f648e330b916006aa08be07f7,Malware,96,17,4.588235294117647,0.0,0.02564102564102564,0,0
163,163,32eb3d758428b69df6f68b86e1d17c383190ae85b7b25fd3179df1ba33a978b7,Malware,111,19,4.7894736842105265,0.0,0.02197802197802198,0,0
164,164,4f11e91858da5de65b1a094dc52db472257d6c342973a68f7ff77215042e8185,Malware,124,22,4.590909090909091,0.0,0.019801980198019802,0,0
165,165,f92f5021c53341f48e5f8d815925a70ad5329156c37e1632d40fdbd5706e5e05,Malware,106,18,4.833333333333333,0.0,0.022988505747126436,0,0
166,166,f3df32b69b3ee59f384d41283ef267e4efcbf4d8baabdfe8af38faafcc76befb,Malware,119,21,4.619047619047619,0.0,0.020618556701030927,0,0
167,167,f41bcc80e6923270b444968c28e42dbf43af5fa69daf831ddc681e142056e305,Malware,108,17,5.294117647058823,0.0,0.022222222222222223,0,0
168,168,cb087f2f1e7cbd760e3f1b7bd549c1c2bfea8197121edf0628fd36b0a70028e5,Malware,121,20,5.0,0.0,0.02,0,0
169,169,d59d94f58bb61a349cda08e6c87a7dd46f08f295fb494e6b7e7671b42b393d39,Malware,116,21,4.476190476190476,0.0,0.02127659574468085,0,0
170,170,b92d163e6dfb16066060b58128a8183d3cb2e261fc7767a0cb97823b91321baa,Malware,94,17,4.470588235294118,0.0,0.02631578947368421,0,0
171,171,640a64305d4a850a26d2387ff1400afe8fac86aa1694cdc29b6817ab683a13aa,Malware,107,20,4.3,0.0,0.023255813953488372,0,0
172,172,074063b89912b788ca114e884468e7233d0ede4c9309453975ba03d57b955309,Malware,76,14,4.357142857142857,0.0,0.03278688524590164,0,0
173,173,04b5d59fab647bd1db67b8a4dffb4b4077dcec5b12218aab50e44451cfa3fb62,Malware,89,17,4.176470588235294,0.0,0.028169014084507043,0,0
174,174,18025d8beae4ee1652cf4285a3ca2f2e7152000cc855a26baec793478af26b72,Malware,83,14,4.857142857142857,0.0,0.029411764705882353,0,0
175,175,0777e73b63cf3898d5206a4073eeddc484ce14a0dd393bb162a9b1992ef30d76,Malware,96,17,4.588235294117647,0.0,0.02564102564102564,0,0
176,176,aeb9cc8ed4e3b918108a6ecc0510d6f2ac771f7e324b7964743f10bf3e29118f,Malware,75,14,4.285714285714286,0.0,0.03333333333333333,0,0
177,177,a063e689750ad8e8f331ee29a1af528920d4f1d4e3cb6d2e0627bbd43a3bab6a,Malware,88,17,4.117647058823529,0.0,0.02857142857142857,0,0
178,178,fb836114b9a97504f5c357baaf299eaa08d783b80f1ef0074184c8a60dc64434,Malware,76,14,4.357142857142857,0.0,0.03278688524590164,0,0
179,179,67bdc73b2bb46f2170c978a4f1de05c730c2768a3c957dddc8271f7e7ea9e39a,Malware,89,17,4.176470588235294,0.0,0.028169014084507043,0,0
180,180,7c45c3d77a9bed9be042f1cde9a1e5c708ab9fd947851272a4d81649a32cf9ca,Malware,72,14,4.071428571428571,0.0,0.03508771929824561,0,0
181,181,a5856d7460986a5ebb19a683f73fb23bb01f800a982d6b0c85c5309f3c7c11c6,Malware,85,17,3.9411764705882355,0.0,0.029850746268656716,0,0
182,182,91cfec292ce502aa663283158cfb6e06323b28849aa6a6c53ec7600d258ef675,Malware,99,18,4.444444444444445,0.0,0.025,0,0
183,183,7addf54105d0be5bc7f74bc9a999a2e0d10a59824731282964a43347c5befe6a,Malware,112,21,4.285714285714286,0.0,0.022222222222222223,0,0
184,184,7aba57dc86924d1f0e7dc9da6de7f5a28a0fb0a97d809cc121969f906921801e,Malware,88,17,4.117647058823529,0.0,0.02857142857142857,0,0
185,185,d9fc986e6392ada3fa141951f3010d898b1db0d007f6c2c7d59cf2724f032b9a,Malware,82,14,4.785714285714286,0.0,0.029850746268656716,0,0
186,186,2c3ab71393bb42662d0eff223f58f7e090aa5e815295de13839b362c080b3dea,Malware,95,17,4.529411764705882,0.0,0.025974025974025976,0,0
187,187,085f8f66235c24019c9bb132c250bfa4a724baf7f57fce1821ee8ed9ae568abe,Malware,75,14,4.285714285714286,0.0,0.03333333333333333,0,0
188,188,b699a7e28d88636636159c9fcd12ede28d6d640fdbe424a33974983b924d3d5f,Malware,88,17,4.117647058823529,0.0,0.02857142857142857,0,0
189,189,97797f585c41cc42f08dbcb04e17eab3aac6563e7adaa2a138f0cee35b1ec418,Malware,130,23,4.608695652173913,0.0,0.018867924528301886,0,0
190,190,eac277fda898a006ee7525da776cb06a669bd0db5abbabc61772f9df1e6c73e7,Baiting,124,22,4.409090909090909,0.016129032258064516,0.020618556701030927,0,0
191,191,8793c9cdd5fa8a39dc3d7cd5b2aa296e1fcda6d7eb8ac3d226aa544874649a66,Baiting,129,23,4.391304347826087,0.015503875968992248,0.019801980198019802,0,0
192,192,e766b34928d3cc52bf374d1a00dfef1c268a777e0b34dbdd7988812588c047ac,Baiting,126,23,4.434782608695652,0.0,0.0196078431372549,0,0
193,193,bde8df6d8e2e0997273420a5fce3ba6097a8337d08d905e7f1abcd826d26cb24,Baiting,125,22,4.636363636363637,0.0,0.0196078431372549,0,0
194,194,3bed3c93a44995e099d0c02087495bcfde4c855c5a124cd5c2f693b360650210,Baiting,140,25,4.48,0.007142857142857143,0.017857142857142856,0,0
195,195,202a2efa5434734c05918a3535f0c89aa0c40615236f0dfb306d5932b24504b0,Baiting,150,27,4.444444444444445,0.006666666666666667,0.016666666666666666,0,0
196,196,67ad0b4f4ae068e0d38ea54e6bad339df652932a146f23ddd460ea76ba038c83,Baiting,140,26,4.346153846153846,0.0,0.017699115044247787,0,0
197,197,fb64900a311a13960fc1a01a03a26160b5120294bec1dc2e6e34c557e3f84fb1,Baiting,143,27,4.2592592592592595,0.0,0.017391304347826087,0,0
198,198,c21c0c3b8cf663e2b62963eb10f8a0602698ba74235fafc780b6702af77e57a9,Baiting,142,28,4.035714285714286,0.0,0.017699115044247787,0,0
199,199,db0f3271dcbfd714b7574b5cc43b2b5dc09f0def1e3d94a87ac37ac0afeed6bc,Baiting,152,28,4.392857142857143,0.0,0.016260162601626018,0,0
200,200,9145f4ffbad88766793e2cbb97fe6acd28c32e344d87dbb579cf10a101d35ffc,Baiting,134,26,4.115384615384615,0.0,0.018691588785046728,0,0
201,201,761ad9b4986ccbd6e358df8ca368e138a1d85f73c63d49391dc8287e6c17f5d5,Baiting,152,28,4.392857142857143,0.0,0.016260162601626018,0,0
202,202,79d43349ecacf00248dcf35271ecc65c5a48199e205e86f3a6b6c465d4fdc668,Baiting,134,26,4.115384615384615,0.0,0.018691588785046728,0,0
203,203,4983f866f1bf91b2cde41413e3a427d141814d11cce4151dd5fb5e0e17693d35,Baiting,153,28,4.428571428571429,0.0,0.016129032258064516,0,0
204,204,2809587ebb67f8a94c3bb71d5da2b1bb5ef572d448f4903668391f1ffbef600e,Baiting,158,29,4.413793103448276,0.0,0.015625,0,0
205,205,51ea920e31411843b0f388713c799790238b4f9498e2d40d66ec5ccedd1e8f38,Baiting,166,28,4.821428571428571,0.006024096385542169,0.014814814814814815,0,0
206,206,5904bdc2ef4b8222bd3b432fe636ca5775903e517b87caa6e42db0513eb4a1ae,Baiting,161,29,4.517241379310345,0.0,0.015267175572519083,0,0
207,207,1be60510783fdb505496f40344f587836af62b7765610acc91636df681f76247,Baiting,159,27,4.851851851851852,0.0,0.015267175572519083,0,0
208,208,01f233c063898345e81a99a91a1a01ecfd6e276ad2a690709433e86087d62aad,Baiting,176,31,4.645161290322581,0.0,0.013888888888888888,0,0
209,209,98763e83aa6640b4c410ef2816c950b71c54ae3c8dc45259fa59ccfdf6b1c302,Baiting,159,29,4.448275862068965,0.0,0.015503875968992248,0,0
210,210,12d5531b61754fdea6760ff2d364a8ca59f33bfac7a81e1adf2c4ccf68780977,Baiting,154,29,4.275862068965517,0.0,0.016129032258064516,0,0
211,211,0bf9dae94c1a0db48287ba983d20857be600515b3f3d9fc18d5080efef032395,Baiting,161,29,4.517241379310345,0.0,0.015267175572519083,0,0
212,212,177116ed52552961146f08c15efc14a8dd4d375e3d6ca06def4237394d5c42bf,Baiting,164,29,4.620689655172414,0.0,0.014925373134328358,0,0
213,213,57d158b5fb8f5f5f86c5c4fc931fb166d9aa98200d33f034088f85d7b7bdfb17,Baiting,165,29,4.655172413793103,0.0,0.014814814814814815,0,0
214,214,0c7b0e8399e3072ac0acfe6e6f09675edef09374063237327ff4b9c9fa6a97f3,Baiting,116,20,4.55,0.017241379310344827,0.02197802197802198,0,0
215,215,4e4020dbb824f3f4cb6e373d81012f160a84063f6881f76d20bf143cd0fb45a3,Baiting,118,21,4.571428571428571,0.0,0.020833333333333332,0,0
216,216,23ee04e4f9c86aaa22302a5949acdfadf7fc48adedf0b3b71a2724783f6a6d5e,Baiting,131,24,4.416666666666667,0.0,0.018867924528301886,0,0
217,217,e515abb958e2e72c8b36b4257aa7f530b184580951b74e0b61485abf9d17a6d1,Baiting,130,23,4.608695652173913,0.0,0.018867924528301886,0,0
218,218,ab037573345b39c5badeaae32d6226535a146a361a212c32d2a498ba77ca3a55,Baiting,134,23,4.695652173913044,0.007462686567164179,0.018518518518518517,0,0
219,219,7f12809cdd25a9b61702151e3470e1019858bd65fa4afb8669e506401481d697,Baiting,145,26,4.461538461538462,0.006896551724137931,0.017241379310344827,0,0
220,220,7ecdca256aa5f3672957aa68855b9bfed25bb7338dd4287b7821922067665396,Baiting,132,24,4.458333333333333,0.0,0.018691588785046728,0,0
221,221,a131ae89f8e8ded8eed3d93cd70bdfd9def8d308e1a69b07258fe827c89c9c93,Baiting,145,27,4.333333333333333,0.0,0.017094017094017096,0,0
222,222,5da3a81bab0e6310ca2b3de3730153b75dc988daad5a74dbc2d00c4169f1aa0a,Baiting,135,25,4.36,0.0,0.01834862385321101,0,0
223,223,94982f3de7be70d0eae7a9392f6ae57b1ff73c1693d29a65908e12d2e8ed3ed1,Baiting,148,28,4.25,0.0,0.01680672268907563,0,0
224,224,16e402b72f6a8f19071b3411e5ffd8acb4f00a7b8bb010c552d6cf795bdc1399,Baiting,134,26,4.115384615384615,0.0,0.018691588785046728,0,0
225,225,25810571eeddc9611276e69a80aac0eb91c9c20caa650e6e38b25f714bbdc0bb,Baiting,147,29,4.0344827586206895,0.0,0.017094017094017096,0,0
226,226,c4e0cb6fef66483bbf7874cee2d29e9805c79b4d2bb0d32c768eb8b7dbac1c3a,Baiting,144,26,4.5,0.0,0.017094017094017096,0,0
227,227,62d20b4d6c656f52e98d1b344222e8f1f747b335f13ff178b6e863e1ca656178,Baiting,157,29,4.379310344827586,0.0,0.015748031496062992,0,0
228,228,394c3cba763bdcd2cb4318276518a4257006a006e1731cc5585c29f4c75f1a40,Baiting,128,25,4.08,0.0,0.0196078431372549,0,0
229,229,edd1bd3c596fdca6a18d309efe18393031767ea2ac342da08a77cc538bf781a7,Baiting,139,27,4.111111111111111,0.0,0.018018018018018018,0,0
230,230,0ad7003b270130ff528b76f776c5ed95c2eb2dc1b97289b4da2c61ab62d54e42,Baiting,144,26,4.5,0.0,0.017094017094017096,0,0
231,231,64954df8e79dd50d3fcc99241ea1320c68eb70431d4960bb186554b93b663bb1,Baiting,157,29,4.379310344827586,0.0,0.015748031496062992,0,0
232,232,af41494ece16b9d57ae96b75bf027dcaaf1b35f1686cd04ac91817547a9bf102,Baiting,128,25,4.08,0.0,0.0196078431372549,0,0
233,233,5caf453345f8acd6b21645a7f249317ae8e91c543ad0021715c04d7136732197,Baiting,139,27,4.111111111111111,0.0,0.018018018018018018,0,0
234,234,b3644a7c71859f3a03e5bdcbdf995d19fd781debdfd0891947ee25358b26b1d6,Baiting,145,26,4.538461538461538,0.0,0.01694915254237288,0,0
235,235,63627728cc27ffb295047746316924fe1302ff6415bc24e57337e87e10a9b5c5,Baiting,153,27,4.62962962962963,0.0,0.016,0,0
236,236,722d9d582bfc0d711e0e551a93dd56a3bc58887611f6b2b95a07741b1555cff8,Baiting,166,30,4.5,0.0,0.014814814814814815,0,0
237,237,da28a4001a3e6bfeb3d756470ac375465dbe485e385040f6d54270671a10e110,Baiting,168,29,4.758620689655173,0.0,0.014492753623188406,0,0
238,238,4f1a421b365f5f2ee9d889816a0dd0c20522605654a39acae63cd9a508ef0c3f,Baiting,181,32,4.625,0.0,0.013513513513513514,0,0
239,239,464860ebe838914896f69661ea372a7043cef0f392da2c397886aa82f586103e,Baiting,151,27,4.555555555555555,0.0,0.016260162601626018,0,0
240,240,311759a0d196fb94cd172bd9dd0cd9ad9fdb77f7272e4f6563d763f3214eb955,Baiting,164,30,4.433333333333334,0.0,0.015037593984962405,0,0
241,241,0fb30a378fe4bcd3caf700d027437a9112c35a09d9d79aeabdff2e1d048c6d72,Baiting,146,27,4.37037037037037,0.0,0.01694915254237288,0,0
242,242,fe39644ef513223fd7c9ab1031f7811cdf30296f6ebfe1354bd8056b5fc8a1dd,Baiting,159,30,4.266666666666667,0.0,0.015625,0,0
243,243,28eac9ce8b2d9fcca5dba02ac0fefa05ea28e47ca247e0cde49aa9fc4a92f35a,Baiting,153,27,4.62962962962963,0.0,0.016,0,0
244,244,470b562563ae9ca0a026a7418995d3850252728bea3f145b0cd54959e86b98eb,Baiting,166,30,4.5,0.0,0.014814814814814815,0,0
245,245,4158e77ddd4d2698153f10f3a7c08d0b5eabf1612050915ad938bcea3ee64df1,Baiting,156,27,4.7407407407407405,0.0,0.015625,0,0
246,246,96d3b8d3a1e90c2edb5833b411c50ba8f8a2f46452bf4721b45f9c8120f0230a,Baiting,169,30,4.6,0.0,0.014492753623188406,0,0
247,247,17fb30fa1330e21bda659cbd8676c7cf74f96cef01b480c47138e90dd36e69da,Baiting,157,27,4.777777777777778,0.0,0.015503875968992248,0,0
248,248,a11a1c3f6952bf27ecede9f8083243e1200f3a5fe99c9ad9e012f9a25d79bcc0,Baiting,170,30,4.633333333333334,0.0,0.014388489208633094,0,0
249,249,9d79610b580bd0527f517a720acd1738f7798e15885943ecc4ba0afb7053f136,Pretexting,115,19,5.0,0.0,0.021052631578947368,0,0
250,250,13fbc99a9c2a9e5688e7f06082ab00b53eacb0c8ec31c19395000049015f2b13,Pretexting,154,24,5.333333333333333,0.0,0.015625,0,0
251,251,9b46899cf1d2d37453c24a8e4a668a7cb2d552aa464fdaf54ef806ea42af51e5,Pretexting,132,21,5.190476190476191,0.0,0.01834862385321101,0,0
252,252,9f2b47aeec78c2f0b6f3877e8fc0e271c8166a2169435d99388310d8cf26424d,Pretexting,123,19,5.421052631578948,0.0,0.02912621359223301,0,0
253,253,7d572819afe89c0d080e27d45658685e4520cf604099ddbb584084a2843bdc8a,Pretexting,125,19,5.526315789473684,0.0,0.0380952380952381,0,0
254,254,caae5a3a4608d9d0283e3dded7158e6ffb0035a8c64ae90acc7ef2469256d43b,Pretexting,126,18,5.888888888888889,0.0,0.02830188679245283,0,0
255,255,a113f7159219a5f447ec1784602711c59180c09cf2111b58c277c9888525f311,Pretexting,118,18,5.444444444444445,0.0,0.030612244897959183,0,0
256,256,2d558dd9a6a2369530a0805c46445ebf7c21efeee45d63e79256a69fe4bc498e,Pretexting,134,20,5.65,0.0,0.02654867256637168,0,0
257,257,a7554d31393f4a8daf3b47e729584fe7dba7ffa5f7c499a1c4691aa8181c049f,Pretexting,125,19,5.473684210526316,0.0,0.028846153846153848,0,0
258,258,10c849fb012b3e6b3b57abec07959b51924a43fd2082a67925df6e00e7256b53,Pretexting,130,19,5.7368421052631575,0.0,0.03669724770642202,0,0
259,259,81f88eeb24116f9733fc5ffa8b7ef123e350ff2cea869bb59b81823d6c4a3e9c,Pretexting,119,18,5.5,0.0,0.030303030303030304,0,0
260,260,57d4b800baf719ff36969da24ff159df534ad627d1f4d8a9cfde44c4bdc98f67,Pretexting,121,18,5.611111111111111,0.0,0.0297029702970297,0,0
261,261,abcf0b5dbcf8e386ecbfd1f9baec5122e0fae23547aa1e15a219acdc795aae33,Pretexting,123,19,5.368421052631579,0.0,0.029411764705882353,0,0
262,262,a98fa123fd4dbcc84a5bf956ae5a0ee5677869ab5ddd217879efe3ed44d23bc8,Pretexting,142,21,5.666666666666667,0.0,0.01680672268907563,0,0
263,263,7e182125889a4fbcb0bc5a50ce5c1a45f987d4ccaf8388acb2f8b5752e6b1f87,Pretexting,121,19,5.315789473684211,0.0,0.0297029702970297,0,0
264,264,faae363804ecc0f0557eafab19867599702ac49e471e0ad1085b946650d03723,Pretexting,156,26,4.961538461538462,0.0,0.015503875968992248,0,0
265,265,3741c81ef84f0199c4e39c6658f73d966d2d69288cffd77d7909ff15416c8ca5,Pretexting,154,25,5.08,0.0,0.015748031496062992,0,0
266,266,9488e6a125f7fcd6fd0f62468e6e105dec1e200079b264496fbd6bda830d45b6,Pretexting,165,27,5.037037037037037,0.0,0.014705882352941176,0,0
267,267,8dfe25e473f7c34cc7eec9ffe3f734327700f0b3e73d911910ef14158dfb0fe5,Pretexting,158,25,5.24,0.0,0.015267175572519083,0,0
268,268,980443619997d42303f2610fadb8dca26f6055a8eaeea804be773fdf3e963cce,Pretexting,153,26,4.846153846153846,0.0,0.015873015873015872,0,0
269,269,d30be520ea273f22fd6eca8928616133ce148368268eda0f66f06aac0a9b4ecc,Pretexting,163,26,5.1923076923076925,0.0,0.014814814814814815,0,0
270,270,4abd296ab0a974eea248d399c4a61a1590951e970ff36df326d1460fa0f7bf24,Pretexting,159,27,4.851851851851852,0.0,0.015267175572519083,0,0
271,271,cf9e1e74b92e065c6dafab77a493aafa4bb4c4b417b0c244b2c875e78d935c94,Pretexting,154,26,4.884615384615385,0.0,0.015748031496062992,0,0
272,272,38232eff9fd784e020fed13b61bb6af8fbd0501a278f3080b4f542ef66ed3608,Pretexting,160,26,5.076923076923077,0.0,0.015151515151515152,0,0
273,273,b23442d600e898a17878374c46d54c25c95698ccd679a47b0af56d4d9dd067c3,Pretexting,127,20,5.3,0.0,0.02830188679245283,0,0
274,274,231fbd1a74610c2435bf2c387285e47f8f05d1353c82f6e63ff2a7dad3198b64,Pretexting,124,19,5.421052631578948,0.0,0.02912621359223301,0,0
275,275,fa84f329b831230d87b458ec6b16d7ea4ee5682775b6e46def3d9e91e8a2f74b,Pretexting,124,19,5.421052631578948,0.0,0.02912621359223301,0,0
276,276,3f0e5aaf52d0f91cd86ae4e1f58bf68e2b6ca299211d3892f42f3affaaccd393,Pretexting,125,19,5.473684210526316,0.0,0.038461538461538464,0,0
277,277,20b728f6a7de7abce7900a1f61e1256e03d33c4c57c2ef9aa4a83673467071db,Pretexting,124,19,5.421052631578948,0.0,0.02912621359223301,0,0
278,278,3e7cd668cfc5f535bb990a63cb69a3c4142c99309564493fbaa433610a59d359,Pretexting,122,20,5.05,0.0,0.0297029702970297,0,0
279,279,0cf0a10f6d8766db064262174d72aaa3b76082ae374d8717079c7335534b619d,Pretexting,124,20,5.15,0.0,0.038834951456310676,0,0
280,280,f1e233d72867b19766d2b27124b2f3445d6dd18f83edb1a306cf3661c4ba1d10,Pretexting,127,19,5.578947368421052,0.0,0.02830188679245283,0,0
281,281,5f99294c04ca5329f5d8c1e23dfbd7655404e736a0617c8d5fadfe3272f1015a,Pretexting,99,18,4.444444444444445,0.0,0.025,0,0
282,282,a1e997350a167650063017be4aa0344ea7ca885e9234cc75df0655cd7ab0f730,Pretexting,97,15,5.133333333333334,0.020618556701030927,0.025974025974025976,0,0
283,283,ac81aefc6510e802ecf7e21ebdb54658b12f12d5c795752fd8304341fa10ceb3,Pretexting,97,15,5.133333333333334,0.020618556701030927,0.025974025974025976,0,0
284,284,974a054e6e3dc3eb4b488b2be43c2c3035f6d3839397e65d060e7dbcebf82a57,Pretexting,102,16,5.125,0.0196078431372549,0.024390243902439025,0,0
285,285,dce9aba66ba20164c3029a8697a99e8956be08000651846da0645475ab8580c2,Pretexting,102,16,5.125,0.0196078431372549,0.024390243902439025,0,0
286,286,0aa0b6b0fc76ffb4c48068d05d591e1b34df9cbc6f87639eb04301e07d258391,Pretexting,133,22,5.0,0.0,0.045454545454545456,0,0
287,287,867ea63b1d17f69f80eaeeb649686a3abf910781c614835d0b7ad86473da36fa,Pretexting,124,21,4.857142857142857,0.0,0.029411764705882353,0,0
288,288,db79a6feff0f8ffc094f52d7577017a28430d213fe0c9d87e7559887778d720f,Pretexting,126,21,4.9523809523809526,0.0,0.028846153846153848,0,0
289,289,492141c3c1800af2b72a4a41830f629fd4af4f46aab8e973088f5560fa75b4a7,Pretexting,125,21,4.904761904761905,0.0,0.02912621359223301,0,0
290,290,f8b41041b113102317bc54490743765ce8a9ec68d468f5a3a9fa8396725e2592,Pretexting,126,21,4.9523809523809526,0.0,0.057692307692307696,0,0
291,291,7089628554bec5c007febfe973d8535ccf948a37fdf9eca26c86b306271b60ab,Pretexting,125,21,4.904761904761905,0.0,0.02912621359223301,0,0
292,292,81878ca7cdd2a011e2a1149be0620e9f02da4abe16ec662f4428d336d2a2e1c9,Pretexting,122,21,4.761904761904762,0.0,0.03,0,0
293,293,89d278d94bc869d8f5902808a793f2a2c2403b9050748ad6d29fef30a8533fee,Pretexting,130,22,4.863636363636363,0.0,0.037383177570093455,0,0
294,294,ae83fc27ffe31be49aa672eaa73f90473b8f47f688dc3eaada02d1144e765682,Pretexting,127,21,5.0,0.0,0.02857142857142857,0,0
295,295,782c7c62d177e83d3530cb5dee2ccd0e9d2b8a8c57449c6c887b4817b3792f56,Pretexting,124,21,4.857142857142857,0.0,0.029411764705882353,0,0
296,296,3646a22668c0e5733cfd18e1d3b046a8bcec2334bc7d40ad0f05e764813ad23f,Pretexting,123,21,4.809523809523809,0.0,0.019801980198019802,0,0
297,297,4cd9f4d8c949828a108523673badd7680fc81d8b71e7a4d5a4d15195b6dbde45,Pretexting,148,23,5.260869565217392,0.0,0.01652892561983471,0,0
298,298,c4afc463ea240b9973a4702888438f40696b7b17d065585a98586f6f68a90e97,Pretexting,114,21,4.333333333333333,0.0,0.02197802197802198,0,0
299,299,48d11f88b42a5b9537e77ee251dea0903e124b2adeaaf7b9f673019af2f5caeb,Pretexting,131,23,4.6521739130434785,0.0,0.018691588785046728,0,0
300,300,41da7fbd2a30174bae8b121e2d72f458820bdc9af56a127f041df12dd99ad661,NOT-Malicious General Class,115,21,4.285714285714286,0.0,0.03333333333333333,0,0
301,301,1921b41ea6d3c39a3b4574e2e0de090d17970bd90f65721ac5e661136c5a9592,NOT-Malicious General Class,301,59,3.9322033898305087,0.0,0.03879310344827586,0,0
302,302,1306d0e1ae5d244d290241d013f10f23e9863094905f71f5fcee69f5659ebd61,NOT-Malicious General Class,137,25,4.36,0.0,0.05504587155963303,0,0
303,303,aa042717b388fc9dc345a83361a3b335ff7c0629e62022bd1e5e0d5aaf2f7cea,NOT-Malicious General Class,71,14,3.857142857142857,0.0,0.07407407407407407,0,0
304,304,733afa7ea0fa67cb7ab04050f50a54f909d27bc0caf47c1728ac07da1ddc0d21,NOT-Malicious General Class,134,26,3.8461538461538463,0.0,0.07,0,0
305,305,14b9500f4c1d02ac18d4a74252e94d1985410b1755cfef3eb56b743074076812,NOT-Malicious General Class,390,74,4.094594594594595,0.0,0.0231023102310231,0,1
306,306,117c5a9c22c71df271a8fc91373c5f282ea6b5e2eefcf7b743b29bc1abc95180,NOT-Malicious General Class,164,34,3.676470588235294,0.0,0.056,0,0
307,307,b9a3df0d5ebd62f7359fce0a51c42856f04eda97253867a38766f795f5863be6,NOT-Malicious General Class,326,56,4.732142857142857,0.0,0.022641509433962263,0,0
308,308,62d93c840acb24309029dfcf61834197ea6d9d1fce69c3b5dd3447a39f39f952,NOT-Malicious General Class,572,107,4.224299065420561,0.0,0.033185840707964605,0,0
309,309,b9b8770484863617d5a6eeaa9989f90691f29fdd2a784433718e9d61dccf81dd,NOT-Malicious General Class,263,50,4.16,0.0,0.04326923076923077,0,0
310,310,d259d0568963f8ac8f6bf2ddd76e363bd61f3ffc70ab2fd103d8c7a7c699c0c6,NOT-Malicious General Class,164,31,4.096774193548387,0.006097560975609756,0.03937007874015748,0,0
311,311,b9ec3c6a7bdf1f42591a2f3839e609116bc8dd7b1c4b159bd60ca7ce514d4a91,NOT-Malicious General Class,406,77,4.12987012987013,0.0,0.025157232704402517,0,0
312,312,ac087ec53928fa48b539a14a7722febaaa0e911ed65625aec857f3c6012bb222,NOT-Malicious General Class,136,26,4.115384615384615,0.0,0.028037383177570093,0,0
313,313,15ea670a0b883ab2263a0c992e1cf0b0c0412bbb090f770f8510a661f4f0b854,NOT-Malicious General Class,98,17,4.647058823529412,0.0,0.0379746835443038,0,0
314,314,ccebd34a93a35d5dc0986061bb48b9cfd08bc2bf08752741027fa8da85c31a73,NOT-Malicious General Class,67,13,4.076923076923077,0.0,0.03773584905660377,0,0
315,315,1e064a032562ced0d0524d4f806561647b9a5744aeba36438eb170e4ca4ceb8c,NOT-Malicious General Class,368,78,3.6153846153846154,0.0,0.028368794326241134,0,0
316,316,9cb04546834a9d6ed41d623633a6c46b1da038fec9c4cba54f0c2a630d078d72,NOT-Malicious General Class,356,75,3.6533333333333333,0.0,0.025547445255474453,0,0
317,317,8f6b4397632969f5fb1298f6e7dfedd5ac9755c0ca96dce34b4fd68d0f0d7ef7,NOT-Malicious General Class,148,27,4.37037037037037,0.0,0.03389830508474576,0,0
318,318,3aba17a522d063157ccb8915e5c955e054a2b84b361980e8200a60cc5ba845bc,NOT-Malicious General Class,116,22,4.090909090909091,0.0,0.07777777777777778,0,0
319,319,17a5163a10d9d034ee519e51ea44af5fa6089357de338bd77562e62735be9733,NOT-Malicious General Class,126,23,4.304347826086956,0.0,0.0707070707070707,0,0
320,320,2b530692b786ba3205e9ab9be21bfc37b0ce73579fdee17e26aea3ffdd887b94,NOT-Malicious General Class,134,26,4.0,0.0,0.0673076923076923,0,0
321,321,0c7214237716e6347c7e9a86ed7b40d63d93494cc276dd887681963d9919621e,NOT-Malicious General Class,144,27,4.185185185185185,0.0,0.061946902654867256,0,0
322,322,f274bae78277f68125805a63378d9f16cafbc2ea475a08a3487bffd6fc156d1d,NOT-Malicious General Class,108,20,4.25,0.0,0.047058823529411764,0,0
323,323,03f1da4bfb5fad98fcacb88a389cfdee74c3b8cb1ec67dc1c2828b94e6f7e96e,NOT-Malicious General Class,112,20,4.45,0.0,0.0449438202247191,0,0
324,324,50b5df9874c600889d47c939f262c15b6ccc09e9fe736f47ab46263a18ecb029,NOT-Malicious General Class,111,20,4.4,0.0,0.045454545454545456,0,0
325,325,f9ab4f2a66a3d3b27e9160ad1e35c0fa249333f5a632d5f8fc3e641f1bd12238,NOT-Malicious General Class,113,20,4.45,0.0,0.0449438202247191,0,0
326,326,5eebe4e5703df307ce8eae36daa62a43a71ce55557bdbe1cd3e9c2da7254c9c0,NOT-Malicious General Class,139,26,4.115384615384615,0.0,0.04672897196261682,0,0
327,327,bda925eedc5b054cf3524de52682ededa40758fa533335e484a99a8adfa33a84,NOT-Malicious General Class,88,18,3.7222222222222223,0.0,0.05970149253731343,0,0
328,328,cc00cf2f78083e1c675bec4fe4c9ef28dbd25f12354ce3e5f46e71fcd330719f,NOT-Malicious General Class,84,15,4.266666666666667,0.0,0.046875,0,0
329,329,773bfeb82a3ae62b325b01b0d77c4f1ef37c350a04c4f96726705bc1c75ec414,NOT-Malicious General Class,79,14,4.5,0.0,0.047619047619047616,0,0
330,330,dd44dbc544c8ba064eba2af75632d84dbb25c37cfb55f01c36dd5d7c390d7da1,NOT-Malicious General Class,191,39,3.717948717948718,0.0,0.06206896551724138,0,0
331,331,81c974d8253d231cbb7887c7e2d0d7c26629f0c1274919cdf184f402d7715e44,NOT-Malicious General Class,113,24,3.5,0.0,0.07142857142857142,0,0
332,332,fc0e74f76b4851d27238375b6b6f5477cbc880099b0f203850227a9e7c01aa23,NOT-Malicious General Class,117,23,3.869565217391304,0.0,0.056179775280898875,0,0
333,333,d3fdb3010b34610911269c6a9530a41a4c7f9f505401197759b5d24ecbd57943,NOT-Malicious General Class,82,15,4.266666666666667,0.0,0.0625,0,0
334,334,cb0fd067fa4c9ccb3eebc66b8778882242b9ec71eac656d4426509b33221c053,NOT-Malicious General Class,50,8,5.25,0.0,0.023809523809523808,0,0
335,335,81102d05ec249d1b4836248b09a0b071d6c6f5f0615373d815ecd3ce4aad0983,NOT-Malicious General Class,63,11,4.636363636363637,0.0,0.0392156862745098,0,0
336,336,1f18667b927f5628d4f849dad169fbea97523386f787f2177510bb8656a7cddf,NOT-Malicious General Class,108,20,4.3,0.0,0.03488372093023256,0,0
337,337,e48e5e7fa926e0272eb786af6397847817532abc455b2ac291f740a6381a5855,NOT-Malicious General Class,174,31,4.419354838709677,0.0,0.051094890510948905,0,0
338,338,de480668d00f538bbb41293286ee83c559c582d7b5185fcafe6405187cc33512,NOT-Malicious General Class,88,14,5.142857142857143,0.0,0.041666666666666664,0,0
339,339,f1b94876c8b49cddda27dbfdc770bc357de526f92688758204fea0723b0e00f5,NOT-Malicious General Class,93,17,4.352941176470588,0.0,0.04054054054054054,0,0
340,340,889e893cc485311e5ff5a05d586e28d0f7061cbf34a90434e64ec9115ed44297,NOT-Malicious General Class,57,9,5.111111111111111,0.0,0.06521739130434782,0,0
341,341,28ebce1d17924dd3f30dd978cf7d350b7030e844d1d7733b25f5ba46868b7fb5,NOT-Malicious General Class,15,3,3.6666666666666665,0.0,0.2727272727272727,0,0
342,342,b9f6d8a1c15f7d852fbf0b538cb15e3448233999bb22680d5681e8bdb100ab8d,NOT-Malicious General Class,10,3,2.0,0.0,0.5,0,0
343,343,fd6815bbdc19ab787789660ec26aae72d6afaff90c8a72210e395c9bd3e4a9f9,NOT-Malicious General Class,84,14,4.857142857142857,0.0,0.04411764705882353,0,0
344,344,07e061c0b65fd4b9f61027607f9ae1bb7607f6a682b0cfe37c3cbc835e2736aa,NOT-Malicious General Class,94,16,4.75,0.0,0.039473684210526314,0,0
345,345,a914445a649eb351d5bc1dac8236a27d3c80759db344ede8a6fb21f78f90401b,NOT-Malicious General Class,102,18,4.555555555555555,0.0,0.036585365853658534,0,0
346,346,3ca6ae0bd50b349265673fb2acfbc50761a6639bac801600f1573f4a3c90663b,NOT-Malicious General Class,122,23,4.173913043478261,0.0,0.041666666666666664,0,0
347,347,c3be312be0f9f7141769a3a2697cd82c58d618ef3c7e9fa472055389dc2c7aa5,NOT-Malicious General Class,117,22,4.181818181818182,0.0,0.043478260869565216,0,0
348,348,f73d8ad2fc0d4efca7ae78b09e2c345b2abdbd961ad84c9bebb4093b49dc219f,NOT-Malicious General Class,75,14,4.285714285714286,0.0,0.05,0,0
349,349,2d7f808c9c4abb61a70b894244b3bbfdcbef590f77c1973cf6a2b84fb5d0eaf3,NOT-Malicious General Class,33,7,3.5714285714285716,0.0,0.08,0,0
350,350,8302f7e0ad29810c45268a0c11dcd6c8238f8d15441a041c08a31e6dc6683ef5,NOT-Malicious General Class,25,5,3.8,0.0,0.10526315789473684,0,0
351,351,659904e56c77faa2be3f7861199b1a7bc6b549f826bf3a2d7ee7dda1e6a26aa4,NOT-Malicious General Class,36,8,3.375,0.0,0.037037037037037035,0,0
352,352,f7cb023e65e9dddf10a52a6a9be9000cd91707f33692d9b645ee401fdfc6378b,NOT-Malicious General Class,143,31,3.5483870967741935,0.0,0.01818181818181818,0,0
353,353,3b9064a343472c4df00377220b855c4af8c333305cd6a7e65cacf4ec6e5f1553,NOT-Malicious General Class,87,16,4.3125,0.0,0.028985507246376812,0,0
354,354,a2494070fe50bdec600c3092a16dca9af646f15c3a354157ed33ab7862fe226d,NOT-Malicious General Class,105,20,4.15,0.0,0.024096385542168676,0,0
355,355,1c24979d196d8c7d245838bcca122c91794eee9c23afb71190602655bddf4eb1,NOT-Malicious General Class,153,30,3.933333333333333,0.0,0.059322033898305086,0,0
356,356,eebc0bc9aeff92b27b7aeaf09a2e0711dd09384a81bd211ff96817af9d49f7e0,NOT-Malicious General Class,174,36,3.638888888888889,0.0,0.04580152671755725,0,0
357,357,abf4d66a9e78ec602dc026ceb55be62ae1959b540539ed05655dc71ab284f1db,NOT-Malicious General Class,135,25,4.32,0.0,0.018518518518518517,0,0
358,358,f983dd23dc332e747cbd352033bcf539c886fbc820dd827dcfae508fafb4af1e,NOT-Malicious General Class,100,18,4.166666666666667,0.0,0.05333333333333334,0,0
359,359,e97a0a0e2954877b5f523369727d04144d5be43ace80adcb30505cd75ef854ca,NOT-Malicious General Class,93,19,3.6842105263157894,0.0,0.04285714285714286,0,0
360,360,72ee48f1db0950eefcc71611bbdc78ee86fd33e89dbcd10063e0d5c025d09a94,NOT-Malicious General Class,58,12,3.5,0.0,0.09523809523809523,0,0
361,361,f2b97002b74dd250e6052d3e750198d0e71ed2efd807983a611fc92c815d373f,NOT-Malicious General Class,61,11,4.2727272727272725,0.0,0.0425531914893617,0,0
362,362,2728bfb1ca996178d0d36e6bc98bfc8bfcbdb31b9498b4a31549d2ed63f7ce3a,NOT-Malicious General Class,33,6,4.5,0.0,0.037037037037037035,0,0
363,363,85d5005118a88d6aa8e56f31bd9b8af9356b7e218dec99c81e925ff99a22e147,NOT-Malicious General Class,81,18,3.388888888888889,0.0,0.03278688524590164,0,0
364,364,4023b0c46a76b7cd54dc7106e9062347240648b83326213245f8cb684ec49e0f,NOT-Malicious General Class,107,20,4.25,0.0,0.03529411764705882,0,0
365,365,96a048c586fb151241a16f5010e8fd00fb30742cf4b96bb956a2d5bc918206c4,NOT-Malicious General Class,93,17,4.352941176470588,0.0,0.04054054054054054,0,0
366,366,6cc9f2a1aa569a725aa780f7142851d0a1f2a434d8fa9a1715154eb481206eb2,NOT-Malicious General Class,96,17,4.470588235294118,0.0,0.05263157894736842,0,0
367,367,9556f9bcd0042aa2aa62f56f76c0aa0d233ac3a0615a5babfaba72d5295b63ce,NOT-Malicious General Class,115,23,3.782608695652174,0.0,0.04597701149425287,0,0
368,368,0b017091d2223e1e4a6dc589a8970462d9a2b03ae3fbdf63ea4ab451737fdc99,NOT-Malicious General Class,50,9,4.111111111111111,0.0,0.05405405405405406,0,0
369,369,d1414f5360e858f645bd58e0b51204ace872f8116d4c2dc7771c3b8a53d11ba1,NOT-Malicious General Class,92,15,5.0,0.0,0.02666666666666667,0,0
370,370,3ae58904c7bb8a02fc1acfde3e4bb6cc2a9e7dacdd7b279399c1e6256d65e8b2,NOT-Malicious General Class,99,18,4.333333333333333,0.0,0.038461538461538464,0,0
371,371,ab33f531763222daeec9e5acc7ab66e0c28c5e9f6e4e26f7cb73162bd9733814,NOT-Malicious General Class,107,22,3.727272727272727,0.0,0.036585365853658534,0,1
372,372,04975fe0f94b91c27a8d49cfd707400c7b3db1aa9b82bd02d9d16523874613d8,NOT-Malicious General Class,65,14,3.5,0.0,0.04081632653061224,0,0
373,373,5e9ec3a56a5df4d428a13a6bd75a6e773d628eb52a7ea93e3ae4d3eb9d940520,NOT-Malicious General Class,72,12,4.75,0.0,0.03508771929824561,0,0
374,374,befd0a841c45d960b1fc7041cda3e0b6593c8ad6e35d03afe41f90e0a7a8bda7,NOT-Malicious General Class,75,15,3.7333333333333334,0.0,0.03571428571428571,0,0
375,375,0f5065c61180aae4c9d37a9085ce4982726ced0f7177a6837c811a93e40c3309,NOT-Malicious General Class,108,22,3.8181818181818183,0.0,0.03571428571428571,0,0
376,376,dec30a25543deda84f1d830e3f73e34905e7eb94750fb775bcee423d3f34df4d,NOT-Malicious General Class,89,14,5.142857142857143,0.0,0.041666666666666664,0,0
377,377,cb07679b17a90a404e9b2b6c4afc22549976762ecb1c0c9354b99b96430871c2,NOT-Malicious General Class,86,15,4.4,0.0,0.030303030303030304,0,0
378,378,8525ffbdb35b523dbdb7f07943af85558cb9dbb050f2a5e3e299d6c89af8996e,NOT-Malicious General Class,77,16,3.625,0.0,0.05172413793103448,0,0
379,379,757cbd36035816c6f4779cc586d0fccd9d582dba22a5edb33b7380289295b51f,NOT-Malicious General Class,150,31,3.6451612903225805,0.0,0.02654867256637168,0,0
380,380,9de8a69af0ff5a73523502c32d4c8bd7bb30b50680e3a70ad192353dbcf7a723,NOT-Malicious General Class,112,23,3.608695652173913,0.0,0.07228915662650602,0,0
381,381,bdacc8fc2d4dd746bd243856d4eaa1302c5a90c436b8519f965d0a3999a48bd5,Phishing,568,96,4.6875,0.017605633802816902,0.02666666666666667,0,0
382,382,b6ca772f11e79c4f651724bf4a7318076837fadd96f2a63fc40132dea445c9a4,Phishing,1102,193,4.585492227979275,0.006352087114337568,0.01807909604519774,0,0
383,383,a4db8b69f3b6c2dca6b074f4aba9144c787c9d83f528984d6ce9d39e52a9c5aa,Phishing,257,46,4.1521739130434785,0.038910505836575876,0.015706806282722512,0,0
384,384,378997bc4578b8ee082b9874cfac0b221cfaa98cb1878d545781a812f305a465,Phishing,850,149,4.590604026845638,0.0035294117647058825,0.019005847953216373,0,0
385,385,baf248b9632f5a429c4fd10a89b53a8decd7625ac5934caf6b67bf3e98535820,Phishing,398,74,4.054054054054054,0.02512562814070352,0.03666666666666667,0,0
386,386,2e5f19732e215cfa5c345738b4a8a0897cc9631b6f4dfff3cb48ae9075c4ec26,Phishing,739,128,4.625,0.0040595399188092015,0.015202702702702704,0,0
387,387,c29087a413b98ab8885c26bd86f64fc0a5a774009f7febbb59855c6449f9e22e,Phishing,2929,490,4.8061224489795915,0.010583817002389894,0.03397027600849257,0,0
388,388,444cfdac2e1b39ec325853012657aefbb72982239e3a7ab15d8bc8e89940a801,Phishing,2917,503,4.654075546719682,0.005827905382242029,0.022639897479709525,0,0
389,389,080035376ad1e44718c4802d8a035df05ec07510bec324f0be1a75093af9e8bd,Phishing,2960,514,4.614785992217898,0.0057432432432432436,0.023187183811129847,0,0
390,390,7c48c8a48fbeee63b8b00ff0a5ef3d36e40fb97409b0e80a7f955febf6576d26,Phishing,3693,635,4.716535433070866,0.0005415651232060655,0.019031719532554257,0,0
391,391,b1b5d889d6d663a0d472464bfb72a217c6931acd75cddb9d17d6f512309134db,Phishing,2831,482,4.763485477178423,0.002472624514305899,0.0156794425087108,0,0
392,392,1091ec201aa88c9063a286f1a15c0fc2782e6186d52c28a3faf0dfd9a4b1bc41,Phishing,2026,354,4.576271186440678,0.00839091806515301,0.020370370370370372,0,0
393,393,433954db040b11b8ee7421285bc1dae9c95de2a7c843b898cdb6f5b6bc684d26,Phishing,2700,464,4.698275862068965,0.003703703703703704,0.055504587155963306,0,0
394,394,eaeeec9e3f58920634c39d00234af827ce96b5c2434e7027d716637067f6e95a,Phishing,1390,223,5.076233183856503,0.0,0.06537102473498234,0,2
395,395,031630459c4ba97cfcb799ee4c57dea73480c8de21a6e45ba3f2d6e07e8865ab,Phishing,1761,325,4.32,0.001135718341851221,1.0,0,0
396,396,a98b79d0d7060635b7cc9965d57f9cbcb1310a153220f881131771aa00ce905f,Phishing,1136,210,4.247619047619048,0.007042253521126761,0.01233183856502242,0,1
397,397,630bd9fd22aed7d9ad9f94f38ed98ed8129a94d9cbe381b5a1c5a42ffac78711,Phishing,2710,488,4.432377049180328,0.0014760147601476014,0.024503005085529356,0,0
398,398,5b4642c1f8d8062a659f9fe72e3512c131a51148e7e2b87ceacb38561125bdf4,Phishing,1260,235,4.195744680851064,0.011111111111111112,1.0,0,0
399,399,08e3264981a8177e802914c2789bcd0fc6d049fe17272ace922f30e3ccc4a416,Phishing,2430,455,4.230769230769231,0.0008230452674897119,0.035844155844155845,0,0
400,400,943ac077ddf5d9b0849a8113072ea21541a294be07de22fabe7d18c30b256971,Phishing,921,179,3.983240223463687,0.002171552660152009,0.021037868162692847,0,1
401,401,330f561866f91d7eddb42e1b72c52fae750576bde03a45af83aff429151edfc4,Phishing,1829,364,3.934065934065934,0.0038272279934390375,0.029329608938547486,0,0
402,402,b90b70f3f2d53caf273025b56d4d111fb8128552ca32c8b08f40375bd766685a,Phishing,606,107,4.514018691588785,0.0033003300330033004,0.037267080745341616,0,0
403,403,58c6edcab2c123857cc6544cef75d12fb407812b2de1d4bd178f9ca704042530,Phishing,331,66,3.909090909090909,0.0,0.027131782945736434,0,0
404,404,02c6de591efaeeece08251580b0455b2d2f4d9da259880b47d0e54f2fbad7878,Phishing,817,160,4.0375,0.0,0.018575851393188854,0,0
405,405,2dc0bc9a9e7adba36565b9d9cc35f1af585f55c10cd80fda67daacd1cf1a4b00,Phishing,220,31,5.967741935483871,0.0,0.06486486486486487,0,0
406,406,58d2c51ab9b2d59e43b459148def2ff963420e24c3d5b3d342c908425e63456c,Phishing,645,107,4.859813084112149,0.004651162790697674,0.03653846153846154,0,0
407,407,6e757754a6a97116aa8e8d5bc6f9a4b70f71d8f0d25d5e9dba6c0cf3d6ef04db,Phishing,286,46,5.021739130434782,0.01048951048951049,0.008658008658008658,0,0
408,408,d7f6609a4c61dafd047daa0bd777c4b39edc3f111f0c4f2b67f0619637e8e1ed,Phishing,156,28,4.535714285714286,0.0,0.015748031496062992,0,0
409,409,2b05d2957ffc6b095faab8e572b9d78ecbd31ba98a1ba4936e5b9128da2e078c,Phishing,268,51,4.098039215686274,0.0,0.023923444976076555,0,0
410,410,5754de3dd4d302396995733043ea2384fbec13d9cadf56c14bdaf757e24fe9ea,Phishing,64,11,4.7272727272727275,0.0,0.038461538461538464,0,0
411,411,e3b7a6e08836454a16b436da28288e73a8b6994d55a0b919514d40e9e66086b3,Phishing,56,10,4.5,0.0,0.08888888888888889,0,1
412,412,8582ac128194280e16cede1ccc1e466d04ad1f6fa82b9f5d571060bfb74ee636,Phishing,57,9,5.333333333333333,0.0,0.020833333333333332,0,0
413,413,5ccb61d3197b90c8759f51f03e4bbf655f2b92451bb5a6b2a13a8e253b6b2e0c,Phishing,69,13,4.230769230769231,0.0,0.03636363636363636,0,1
414,414,66010d84e22dbb077b2c24ab16822f6743b11f1e56d5b6a0fa8fbebaccf9941d,Phishing,59,10,4.8,0.0,0.08333333333333333,0,0
415,415,f519942f3ec2c2dc89a9d00c349a54fdd146eaf69cb3a6c309605346a636216a,Phishing,59,9,5.555555555555555,0.0,0.02,0,0
416,416,5cd4e73e5dc8ccc36617177ee475a606586d765b8d0f46bc0c4d3ea767a27547,Pretexting,102,17,4.9411764705882355,0.0,0.023809523809523808,0,0
417,417,334cea324643c0ffa9dc960d7a4a975d374a32d654dafb527177b8d9d8a7ceef,Phishing,62,11,3.8181818181818183,0.06451612903225806,0.07142857142857142,0,1
418,418,400c4033210d1c00653e604313bb708f64ad489137b5cc20c94ea6971e25c695,Phishing,72,12,4.916666666666667,0.0,0.03389830508474576,0,0
419,419,32962e1553b44d85e8eea6a730fd519af6c9c51cb31d64bf3894653ecc988952,Phishing,104,17,5.0588235294117645,0.0,0.023255813953488372,0,0
420,420,294f0713d9a9bc7cb3cfb74089ca3284664d546dd81e082431f01f05c93dede9,Phishing,71,13,4.384615384615385,0.0,0.03508771929824561,0,1
421,421,631a8051c2ba56dc0c9ce092c0bf0268bb57d1ff0fe0a2e723575550bbc2de77,Phishing,83,14,4.857142857142857,0.0,0.029411764705882353,0,0
422,422,d7cbfd5289fbd11be75a3a7ce6fa94e6a559240384c71a0489ad0c9cb9d9fcc2,Phishing,72,13,4.461538461538462,0.0,0.034482758620689655,0,0
423,423,ca57414d27e6df925f6296bb780af974091ff9d261b185169b105415036f36fb,Scareware,87,16,4.375,0.0,0.02857142857142857,0,1
424,424,32c4f9e63aeeb0700a23e903a8f5436da2c840c8a5512fadc6b069fea9195b54,Scareware,79,12,5.5,0.0,0.030303030303030304,0,1
425,425,59e5de1008624693312ebf53637e10f7629664df9a31cad153cbe754d89c919f,Pretexting,94,15,5.2,0.0,0.02564102564102564,0,0
426,426,808634149db3aae29e2dcbaae34cb0384e29be593348d94c820ecfde1e2f6f9f,Pretexting,93,14,5.642857142857143,0.0,0.05063291139240506,0,0
427,427,afe15aa641b214e332f6d6f3c69aa44038a3137dd639f3055ed7fb7b417f9a5e,Pretexting,100,16,5.1875,0.0,0.024096385542168676,0,0
428,428,a8794f1c3394b10656f15e50244aabe1764c47e3f8557d9e0682b5122452c7fe,Baiting,83,16,4.125,0.0,0.030303030303030304,0,0
429,429,b2d02f091f5d05c2c968caa24218de502383a5000a8c547e2a7066c1b00340b4,Baiting,76,13,4.769230769230769,0.0,0.03225806451612903,0,1
430,430,20f91ea242c7067e4f65d448b15b73a24174bdbea899041bfdc950da6d62189c,Baiting,43,9,3.7777777777777777,0.0,0.029411764705882353,0,1
431,431,bb97254e0349b715c917e8a846aefb841a396cdda46b5638540cbd0359eaae5c,Baiting,71,14,4.0,0.0,0.03571428571428571,0,0
432,432,7243339a7cc50ef9a19357f96e0dfadc33ffcaae08aed7b6dcd95b4a8e97d99d,Scareware,86,13,5.538461538461538,0.0,0.027777777777777776,0,1
433,433,bf992c690975292a651ed44b5055687b48e79d98b7cdb6895c957c969f38ba07,Scareware,65,12,4.333333333333333,0.0,0.038461538461538464,0,1
434,434,a725b73f80b49254a2589bd4dc2779937703ded51b4d19b8fa037798e5ff05b8,Scareware,73,12,5.0,0.0,0.03333333333333333,0,0
435,435,eec23be158d9074ef1059509c3024112a7f076bb51eecf710db81b7bac787d92,Scareware,79,14,4.571428571428571,0.0,0.03125,0,0
436,436,8b924a4727cb9dc9fc43b4b0c1220ba811c567357832e9906996a5f1c2b876be,Malware,64,10,4.6,0.09375,0.043478260869565216,0,0
437,437,d9fc8e8a3e641f3ccd58ee2eb0d6faf0951eb9ed7e03dc2386f844e69702b135,Malware,79,11,5.818181818181818,0.0,0.046875,0,1
438,438,d77edad6a915de446579e7ed565df94a0ebddf0021aaba70102cdccd05b7446c,Malware,85,14,4.857142857142857,0.0,0.04411764705882353,0,0
439,439,e78616aeb7fc348b800a4435d83cfea5047283daaec4713470ca38dfd1dc6ecb,Pretexting,96,15,5.333333333333333,0.0,0.025,0,0
440,440,447e86835d1e9eba6fadcdb9cc4592706bd017264f43e203bfce7fc30145586a,Pretexting,94,17,4.470588235294118,0.0,0.02631578947368421,0,0
441,441,554a57a48f4c380f66ae12f6bd2e5f8b7afa6237dd7233318633d578d4e2162d,Pretexting,82,12,5.75,0.0,0.028985507246376812,0,0
442,442,f512301079e19208370bd57e1241da9cefe8c8745e3fdda49e44f97d529dd4d5,Phishing,77,13,4.846153846153846,0.0,0.06349206349206349,0,0
443,443,310cc4b754c4a09758a45d767940033544b611724cd20126cc21641ee96db494,Phishing,50,8,5.25,0.0,0.047619047619047616,0,0
444,444,c1637bc04260d34bd4f1f95d03f25f2d1dfeb7d2447b325c0cb009277f0b310a,Phishing,67,12,4.5,0.0,0.037037037037037035,0,0
446,445,776c5f73d7c76eb5c1a2c331dfdca0e2511b1dd24958dbe35b1301814e880091,Phishing,102,17,4.9411764705882355,0.0,0.023809523809523808,0,0
447,446,2a876392a9c56941858a253b79ab284e6ec347c80e416d934c3390ac9034988f,Phishing,98,15,5.466666666666667,0.0,0.06097560975609756,0,0
448,447,d30e6910170834e10242af8acf8102896ed274ae9d8c996679c287f52406e405,Baiting,105,17,5.0588235294117645,0.0,0.023255813953488372,0,0
449,448,ee1007033ee0b2878e8fa55bca1ab54f1391020d9cf7be96438a2af7083b6b1b,Baiting,94,16,4.75,0.0,0.02631578947368421,0,0
450,449,a7fed5568395aeab138a953560b6668c00de0a1d4d20cb0ae7932b0442e62a31,Baiting,94,15,5.2,0.0,0.02564102564102564,0,0
451,450,d6446356da4f8f93801dd8a99f800d17c48bcff4aff7f7b884efc8d39d212a60,Baiting,80,14,4.642857142857143,0.0,0.046153846153846156,0,0
452,451,036aaa20b5eaa164ba9cb0a1c3e050797828ded0752f930277ad3127ff75ad11,Baiting,91,16,4.625,0.0,0.02702702702702703,0,0
453,452,573f7c597dc1b3da8eab570ee7ce0d35e4e37281ff5c7b68ac4c2005899b0d0d,Scareware,83,14,4.857142857142857,0.0,0.029411764705882353,0,0
454,453,91a87ea15647253fffbc9983a2b75ab609c83ca3d5fadff697f8475ec1ab309b,Scareware,81,13,5.153846153846154,0.0,0.029850746268656716,0,1
455,454,faaf5b83c1a2918cf0af315baa6e47b99585f5f9bb604734bcf3348e21b1e919,Scareware,102,15,5.733333333333333,0.0,0.023255813953488372,0,0
456,455,05fe7f510e6f7330d226ebfdb4db136471d7d6ca5c220acbe088e23bd7e95672,Malware,84,15,4.533333333333333,0.0,0.029411764705882353,0,0
457,456,cf14dce2f23f77b4cd719b7e148685ab0a4310c09136f48b3a2865806673c182,Malware,98,16,5.0625,0.0,0.04938271604938271,0,0
458,457,303a78ad81d5825c2165d3653a3d45fd2a942ec7d06ad6fea3ab63dbc71b413c,Malware,52,8,5.5,0.0,0.022727272727272728,0,0
459,458,7c0e2a13ea96ce4e4c0b3ec271e71e2447d62df33474ba6e7e22ffa1d870b30b,Pretexting,80,14,4.642857142857143,0.0,0.07692307692307693,0,0
460,459,21cbe210e5e1b08a679c0ae00e9bf96a45eb92896785bc091f73dc6d3a39d84e,Pretexting,90,15,4.933333333333334,0.0,0.05405405405405406,0,0
461,460,97858c8633e9e6c80f3768b6a27e058238d76836a995c045f4aad4aa0817b9b8,Pretexting,101,16,5.25,0.0,0.10714285714285714,0,0
468,461,6f5d89d594bbf77447aacea3ae6af28cb22d718ddebb81f501bff2316c5f04ea,Baiting,75,13,4.230769230769231,0.04,0.03636363636363636,0,0
469,462,ae1b0bf54dc39350d31c7b6a98480fe4826c7e4bac5025792eedc8fe7d243796,Baiting,84,14,4.928571428571429,0.0,0.028985507246376812,0,0
470,463,9fb002c8a9c82659c7ad2737a272eaaf42d95f449f2599508cfd5041eb88cf5f,Baiting,77,13,4.846153846153846,0.0,0.031746031746031744,0,0
471,464,1faea36a17058bc362dece99a52f9c958f4f2467fb2d08b82504b92a8a3f47e7,Baiting,60,9,5.222222222222222,0.03333333333333333,0.02127659574468085,0,0
472,465,747ec6c2d75b49557f7ff9674f88dbfad1ec34b11ec5a767015ff81a38a75e33,Scareware,80,15,4.266666666666667,0.0,0.03125,0,0
473,466,bd5af1e45a124e6ebfaba99343bb585673cb584cd12bd7926bf17ef0ce1cfeb3,Scareware,97,15,5.4,0.0,0.024691358024691357,0,0
474,467,2c1be5d9d0492d20171c6d731fc229095361eb9fa2267cf54a9268d66231f505,Scareware,86,13,5.538461538461538,0.0,0.027777777777777776,0,0
475,468,3c23ef45937dcfee7f3b717433852f1358a0326ce9fd842910e933941e5985c0,Scareware,74,11,5.636363636363637,0.0,0.03225806451612903,0,0
476,469,97b642c127b4f29c8fcc181107ae1beb7590c63fcf933e007d414f76db01a6b9,Malware,100,15,5.6,0.0,0.023809523809523808,0,0
477,470,11e061b05164f7c99bc46c55c8d192f6ffb7763bf332af4085be4b3d3c6a8fcd,Malware,75,13,4.6923076923076925,0.0,0.03278688524590164,0,0
478,471,9c3d341a832ec57ccd2e03eab24f1fc7f9fde86ac43002adc19655ac875134ee,Malware,81,13,5.230769230769231,0.0,0.014705882352941176,0,0
479,472,8035fa5081916cc4d95e42cccfa53fb05e4d17b30cacb6dd11994a8659f1f910,Pretexting,84,12,5.916666666666667,0.0,0.028169014084507043,0,0
481,473,7ef96dc264fa1178ef6aea70e6bb6ebed89e11515e068fd1e9effbe48e0116b9,Pretexting,99,16,5.125,0.0,0.10975609756097561,0,0
488,474,8c59609368a334aa672b81f9a9acca45256bd9b9df044d26e2f4e325d6d5bde3,Baiting,64,11,4.454545454545454,0.03125,0.061224489795918366,0,1
489,475,efb2c485346bd6f8aeabc9b8ff5699f6dd8582b08439cfdae0c745699f0236ee,Baiting,76,13,4.384615384615385,0.039473684210526314,0.03508771929824561,0,0
490,476,207d71ae1c76b15de5edec7fdf77d735316c59549033692c48380bbe1d794679,Baiting,89,13,5.769230769230769,0.0,0.02666666666666667,0,0
491,477,c481502463f901bf680707a43cf65d9d41cc6dfef3bdbefce522216d6d7f4e1b,Baiting,74,12,5.083333333333333,0.0,0.03278688524590164,0,1
492,478,6d58739ba3cc65bd5c164b57565cad3452f7b3fb554dff5b87892fa4388e6f14,Scareware,110,16,5.8125,0.0,0.021505376344086023,0,0
493,479,fa80619f293ed52f7db62284cb1ab630f8c57efb851be2564a736b43a21b8267,Scareware,80,12,5.583333333333333,0.0,0.029850746268656716,0,1
494,480,d95a8d73bbd0f467c6a3b6daa8cfa56c175b2f46464d9eca7c8e5e3bb01a5b12,Scareware,76,14,4.357142857142857,0.0,0.03278688524590164,0,0
495,481,287a9baf6809a0351c69966994bb6c577f7313a8d72cfbb241cf4c3df03a1088,Scareware,93,13,6.076923076923077,0.0,0.02531645569620253,0,0
496,482,515bcf28f8bebb77fc13b8138905be1864392eb82e3cebe213d0fd8a765257e2,Malware,98,15,5.466666666666667,0.0,0.024390243902439025,0,0
497,483,2fa5a939a55401a68ccf97cac73be5457f80e33192bdca5fdc3b747f2f1f736f,Malware,85,14,5.0,0.0,0.05714285714285714,0,0
498,484,27fb3640334a44f01cca1020eb0d35df31e301b87c716f5567dc7296f58d5ce7,Malware,54,8,5.75,0.0,0.021739130434782608,0,0
499,485,9a8185c6cb5a65826d8a8292356321864e6907734eb2cd087ba4650bf92c23f1,Malware,71,12,4.833333333333333,0.0,0.034482758620689655,0,0
500,486,aa983981674ee456e82bd29e52a653f81aa4254d751899aaa9c83ae30b2089dc,Pretexting,103,15,5.8,0.0,0.022988505747126436,0,0
504,487,344be4990ff7d64375016cb34cce74953078b8aed2a44a04dec27fee12338336,Baiting,91,18,4.0,0.0,0.041666666666666664,0,1
505,488,afcdaec09bc8ec343414312d7f9ed06037808ca8a6211014eeed3f00fd88dba0,Baiting,87,13,5.3076923076923075,0.022988505747126436,0.028985507246376812,0,0
506,489,6e1aaf3d34045d68cb10738e803e996d8deb73fdc1e65674213aff873ea9bc9a,Baiting,92,16,4.6875,0.0,0.02666666666666667,0,0
507,490,015aad4ac2c8241632b12637dbdcd0678ef922096669f8ae47edec940c8e84a9,Baiting,90,14,5.357142857142857,0.0,0.02666666666666667,0,0
508,491,f00cfc89fc31ad776063be4a07fd3e45ae982739eba480e3eb7c02086827419a,Scareware,94,13,6.153846153846154,0.0,0.025,0,0
509,492,3af469de1a37365a97f97b730fdd48934f0f87b2d50c3de9b3f347b9098093b1,Scareware,78,13,4.923076923076923,0.0,0.03125,0,1
510,493,83a8eeec64763b5aee56296a36abc2b1cae122ceb2a09ced466d5feebeecd5f1,Scareware,67,13,4.076923076923077,0.0,0.03773584905660377,0,1
511,494,f9f1154a3aa7e0445736dd483f2156916cf77af8a691b6779307e7adecae93da,Scareware,100,13,6.615384615384615,0.0,0.023255813953488372,0,0
512,495,2f0bf68e0aa2ba467523da625c1ae55992f3ba0ec9317d030aaa6a65007fcbe3,Malware,94,14,5.642857142857143,0.0,0.02531645569620253,0,0
514,496,9513a2be607823cc573b18b7c112cba43bb7fd97956edef55178f3cc519d26a1,Malware,72,11,5.545454545454546,0.0,0.01639344262295082,0,0
515,497,d96fb287c79f06d9a7e6216475c877f12d392f0053fb483e693ea2a98e844b04,Malware,76,12,5.25,0.0,0.031746031746031744,0,0
516,498,e6f48ca2abc5808eb7095cd7c5826af86fe517bca83150764f201801d7d3a984,Pretexting,119,18,5.5,0.0,0.020202020202020204,0,0
520,499,382b53b56d275630d7467c8b91ebe809cb077cff33d379e121975c4c1b25a8ac,NOT-Malicious General Class,121,23,4.173913043478261,0.0,0.03125,0,0
521,500,8cb0d87fc2ce8f94f4e0f87e038eed5a32f9e47e74137123816ab21073630844,NOT-Malicious General Class,108,24,3.4166666666666665,0.0,0.036585365853658534,0,0
522,501,8ef8aba3090630df0c8625e4e9a034a702bd111f8917081038f08462bd65e221,NOT-Malicious General Class,91,20,3.5,0.0,0.02857142857142857,0,0
523,502,d029cbeab6844f7646c6d1e415f665eda82d7e9f059f991160a7ba3991fc1072,NOT-Malicious General Class,82,16,4.0,0.0,0.03125,0,1
524,503,8fae2a4387432f6f861a2da80ea15a76239d55d0bccf3c67233c9b0c263ae762,NOT-Malicious General Class,91,16,4.5,0.0,0.041666666666666664,0,0
525,504,c27a0089cbba86aa316aab1101b974e3824d9f17698fb4a388338c1a04e24267,NOT-Malicious General Class,87,17,3.9411764705882355,0.0,0.04477611940298507,0,0
526,505,e41464da9dfe7cec9770c6f70cc6a2df79e2286d0d496cffd09e9eb9abff40dc,NOT-Malicious General Class,76,14,4.285714285714286,0.0,0.03333333333333333,0,0
527,506,c4e50fd5d385adb83d214ede4f36bd74adeedb57c52a4241d738170d5f48a040,NOT-Malicious General Class,77,13,4.846153846153846,0.0,0.031746031746031744,0,1
528,507,e6bb2d4e3ab485231f0f01eda1d6426dee1fc494fe65b8a714075e3e6505a7d8,NOT-Malicious General Class,97,15,5.4,0.0,0.024691358024691357,0,0
529,508,cc2030a7920375db0cc0ccaa470ecbe1cedc20081cacd28bab7c1ff565241dc0,NOT-Malicious General Class,68,16,3.125,0.0,0.04,0,0
530,509,31f8a1b8c4408ffe83595b2b8c4cfc30ab71af02715645590806289854ec91a7,NOT-Malicious General Class,79,16,3.875,0.0,0.03225806451612903,0,0
531,510,17382af4711f9bcbeb732783cf2b7e87a02d30a6645255e23d8bc7768136ab65,NOT-Malicious General Class,86,14,5.071428571428571,0.0,0.028169014084507043,0,1
532,511,f517dbd2b3cfa702d2153680f697121288f6c98b602707296d84fa6da294f6a0,NOT-Malicious General Class,62,13,3.6153846153846154,0.0,0.0425531914893617,0,0
533,512,18bbd2487c6143fae0af550b1c2dad94b92a6cf55ef3540942918ab916657d1c,NOT-Malicious General Class,82,16,4.0625,0.0,0.03076923076923077,0,0
534,513,7f0a677af8f49c4ea421d747a78a1844303f2880d8e004249e2020a81a9a5606,NOT-Malicious General Class,60,14,3.2142857142857144,0.0,0.044444444444444446,0,0
535,514,16fdce739d9f3a554962f84380df704c1f17266c79c199a095b55cfac02d00c5,NOT-Malicious General Class,86,17,3.9411764705882355,0.0,0.04477611940298507,0,0
536,515,09b0b65cd7c9456fa6c3417dd7399c7e2022f2ee58f1654a7c4b497afc68ec05,NOT-Malicious General Class,60,12,3.9166666666666665,0.0,0.0425531914893617,0,0
537,516,ac8fed1e3e13fbc758ad3551dbb39a510657a75f261d4ed83093ebdff05873d1,NOT-Malicious General Class,86,13,5.538461538461538,0.0,0.027777777777777776,0,0
538,517,389a9551316c4e00f57d097ae92a7000e1eecaa0bd95c284632de150ca6742ed,NOT-Malicious General Class,74,14,4.142857142857143,0.0,0.06896551724137931,0,0
539,518,be840397ff4ccb22312dff45f15e08b1697ff263b98acf263945f67652774d58,NOT-Malicious General Class,75,14,4.285714285714286,0.0,0.03333333333333333,0,0
540,519,e601428a6fd4288df969397c5831ceca8daf8f606e3bf6e7287c29b3fc3aa8b6,NOT-Malicious General Class,79,16,3.75,0.0,0.05,0,0
541,520,3d8dd121ec86bfde23b686bc8b4a5fe50611d18a1fbdb59f4a6aa8cd019fd87b,NOT-Malicious General Class,91,16,4.5625,0.0,0.0273972602739726,0,0
542,521,e0b6d8c6ddd22d60e4d61ba5916ab66d3455505feaff1a946a740c595717359e,NOT-Malicious General Class,88,18,3.8333333333333335,0.0,0.028985507246376812,0,0
543,522,34244267c79d7ead960c5f2e7eb62c3bf6e3d5495dfa1910a2bc2fece10b5aad,NOT-Malicious General Class,72,12,4.916666666666667,0.0,0.03389830508474576,0,0
544,523,2302fd563adfdd84cde3c1a8cd3d3d896dc32d92706285bc4c96e31fab8ae079,NOT-Malicious General Class,92,18,4.0,0.0,0.027777777777777776,0,0
545,524,dc19d57ceacdc458a596bd25c31fdc55bc0e7a6d8dc9acf0d7758579125c0b65,NOT-Malicious General Class,80,12,5.5,0.0,0.045454545454545456,0,1
546,525,1ec19d534df622befc4b06e0024042f89834b54eac11d6cfa9f9974d8545d434,NOT-Malicious General Class,61,12,4.0,0.0,0.041666666666666664,0,0
547,526,b0b733bb1d67d25b1f85e65e58ce42454a01d553fa89e39680d8ce8673e00ed7,NOT-Malicious General Class,83,14,4.857142857142857,0.0,0.029411764705882353,0,0
548,527,73c2cd8d7cae8a2e0d0083f82eacef5c0addba0b79a0945d30864d5ef5344bca,NOT-Malicious General Class,77,14,4.428571428571429,0.0,0.03225806451612903,0,0
549,528,c6eb96c4d2d564524f7a28b0460db4f455eb9c462347f54ba5649c3d79995f7b,NOT-Malicious General Class,69,13,4.230769230769231,0.0,0.03636363636363636,0,0
550,529,5a954b44d1cbd938b1e676df169146cb74641dcfb9c1d55b5128b7b73c49d9fd,NOT-Malicious General Class,203,36,4.555555555555555,0.0,0.018292682926829267,0,1
551,530,f7c4e5b763b589125f5aa52fa64881dc273bd638bf70cdc39347bf99128a35b9,NOT-Malicious General Class,186,32,4.65625,0.0,0.026845637583892617,0,0
552,531,b085a913e17118e6084cd9a40222c2a8b48e0f0b622c5136568d6201634451e2,NOT-Malicious General Class,182,33,4.393939393939394,0.0,0.041379310344827586,0,0
553,532,50d4522591a7a22b834bd25e39348773572a7d398a37c715d0ced90c14a7c649,NOT-Malicious General Class,188,33,4.606060606060606,0.0,0.019736842105263157,0,1
554,533,ee85d53657c89c5477ca008535a4df63afbcb2495a9ec0ad0923ffff071e048b,NOT-Malicious General Class,171,31,4.419354838709677,0.0,0.0364963503649635,0,0
555,534,5c92c1bda84935a59309fc6afa98faef23a0f2d06ec071b1d891a68eefad2d1c,NOT-Malicious General Class,143,25,4.56,0.0,0.03508771929824561,0,0
556,535,962a93fc22033afb0ebc7e4bffe77de8005576e0ff3d85966267c476c8bf822c,NOT-Malicious General Class,190,36,4.222222222222222,0.0,0.013157894736842105,0,0
557,536,b453de3dc8075c009812ee16b6fbcba8da13f25afffa757ff0b55e2d9b950697,NOT-Malicious General Class,150,24,5.166666666666667,0.0,0.016129032258064516,0,0
558,537,e2137c20c220edf04171ed63c8f04280deffed67f1128f13c3bab75a26e2a608,NOT-Malicious General Class,156,31,3.967741935483871,0.0,0.016260162601626018,0,0
559,538,3f32e3130fb7a6907f5edc95bbb064308e2590436bcd75b6eed4f9909f823629,NOT-Malicious General Class,151,27,4.37037037037037,0.0,0.0423728813559322,0,1
560,539,c55fb0e60004b64fc1cc2f29838272a00da04aa560b27d12bf20ac15e689e895,NOT-Malicious General Class,135,24,4.541666666666667,0.0,0.01834862385321101,0,0
561,540,25215d1c2581ecfbc283120bf08acbf62f922fcb4d2f94413c85526a8e8ee6fc,NOT-Malicious General Class,143,27,4.222222222222222,0.0,0.02631578947368421,0,0
562,541,a999ca99243b7c6cf41ad102e2d58d2807b21ead5773e4dc44a754c7d1d2f2e3,NOT-Malicious General Class,130,21,5.142857142857143,0.0,0.018518518518518517,0,0
563,542,ebf19d4d515870f88d207f06b6e94f6a6244ae782699e335ade520a5bf3fcc4a,NOT-Malicious General Class,141,26,4.3076923076923075,0.0,0.026785714285714284,0,0
564,543,5c91a2e05e8235f0476cd710d35b99cb01dc88976e1e9dc072ceee160fe3b337,NOT-Malicious General Class,126,24,4.125,0.0,0.04040404040404041,0,1
565,544,a8f73dc047ea46f00fb9be2521673ab6abbdb8c18a845226853e4de872fd2521,NOT-Malicious General Class,118,18,5.444444444444445,0.0,0.02040816326530612,0,0
566,545,ebd5c0198ba4bd1ee306518ab51f13c86a0a61d846c9a623c7446ce6f81023be,NOT-Malicious General Class,121,22,4.454545454545454,0.0,0.02040816326530612,0,0
567,546,4c0ede515536fdc831798b3871ab06f831416545b1fcc3a92f521653d78d1709,NOT-Malicious General Class,162,30,4.3,0.0,0.023255813953488372,0,0
568,547,293268e55fea696d9fde713ab5e148b518df637631751161d1454491c3a3d69f,NOT-Malicious General Class,118,22,4.2727272727272725,0.0,0.0425531914893617,0,0
569,548,59bd08fb7b4bf956cb08572d448c760b6e9523ce50f156b849a26c0dd95ae0d7,NOT-Malicious General Class,126,22,4.590909090909091,0.0,0.019801980198019802,0,0
570,549,d04fad991cf0c3ce8c098bd84de5e35b36e2b4df6bcc440dd5e6f42265b15c94,NOT-Malicious General Class,115,25,3.52,0.0,0.06818181818181818,0,1
571,550,b52f5b0f9e64d0b490477db39fc741da88083dcd2d369a76049e5147e8180702,NOT-Malicious General Class,133,28,3.7142857142857144,0.0,0.019230769230769232,0,0
572,551,748ca780a9a1799cbd5f2c7b6ca9fbf6098bb2978a510d785d12e889138365ce,NOT-Malicious General Class,155,31,3.903225806451613,0.0,0.03305785123966942,0,0
573,552,adf8f5bf4fecf29f87b4f483309aa7305e1e68fcddf2e061d5711c665e68a8aa,NOT-Malicious General Class,123,24,4.083333333333333,0.0,0.02040816326530612,0,0
574,553,d33719b04b1caa6eaf57d9d51869263117ae551300e4cea3242976bbf530a52a,NOT-Malicious General Class,106,15,6.0,0.0,0.022222222222222223,0,0
575,554,d3fb4f0197ec193a51da2e36932c843a561c1cd13dd9ef87eb7007eccdc72249,NOT-Malicious General Class,120,21,4.666666666666667,0.0,0.02040816326530612,0,0
576,555,77561296b4ae6ea4d3cdf3665f76dc011c7cb94715d4c5b3f8b5281832ad24e3,NOT-Malicious General Class,116,18,5.222222222222222,0.0,0.031914893617021274,0,1
577,556,550541f1264a1e069fc67cc1dcbb85e5545d50b5ef281f09e5461fbca9ce5d55,NOT-Malicious General Class,182,35,4.114285714285714,0.0,0.013888888888888888,0,0
578,557,05856fa40ba3026ab70af24f36eb21626f49c20d0a44b8f25f701f2a0f5ad4f6,NOT-Malicious General Class,85,16,4.1875,0.0,0.029850746268656716,0,0
579,558,a6baae31a542db3a867f0e0e4243b14b859df7fc0b6599ab6d8f0b0d47a938b5,NOT-Malicious General Class,96,17,4.588235294117647,0.0,0.02564102564102564,0,0
580,559,e8efbcada22d92c47c14a57252e9e79746346964760351f67b14ca9c28b1fac5,NOT-Malicious General Class,64,13,3.923076923076923,0.0,0.0196078431372549,0,0
581,560,7e54d77b7560ae64bdb9cb7b5113ec17d05d79e21c84268b70658f1a31e31df6,NOT-Malicious General Class,64,11,4.818181818181818,0.0,0.018867924528301886,0,0
582,561,296007f7f91e937a58ef5bc9abb3f7c90fa798d7664b1c5eaf9f84abf3e89e59,NOT-Malicious General Class,51,10,4.1,0.0,0.024390243902439025,0,0
583,562,573a2592f990f8cf2053f6740352d65129cf5eb9a69963dde24e7c3cccce71ec,NOT-Malicious General Class,62,12,4.166666666666667,0.0,0.04,0,0
584,563,40e8c907123ef0202ff2783ba6b17a6df0964a15b1bb52660783594a0656cfc2,NOT-Malicious General Class,67,13,4.153846153846154,0.0,0.018518518518518517,0,0
585,564,9166806a8103afc1e180f4ae67d43503477f87c7fe83511b9f3ddbdd5de69685,NOT-Malicious General Class,62,9,5.888888888888889,0.0,0.018867924528301886,0,0
586,565,08e3f4a427f68f095bbd1a91ff33bb10f294d5825e3a5b229ca1d7ff0dc9520c,NOT-Malicious General Class,45,8,4.625,0.0,0.02702702702702703,0,0
587,566,ba019b77fbee7239cdb96915e69894c3e5759a9493cbe86fb6e778370eb5e64a,NOT-Malicious General Class,54,10,4.4,0.0,0.045454545454545456,0,0
588,567,de8b5fa3ae42e97813fc4079575ae8cf1b46af5995610857b8fbbfb6c4f7318a,NOT-Malicious General Class,61,10,5.1,0.0,0.0196078431372549,0,0
589,568,1c9666082763501340ac7f1e6adae55ffd113ec46f1303e11c85088a1925c787,NOT-Malicious General Class,225,41,4.414634146341464,0.0,0.022099447513812154,0,0
590,569,fadbcc1c41c672ea90ebb17fbf021c52e3270d43c2257e800333ac785e2bc1e5,NOT-Malicious General Class,238,42,4.571428571428571,0.0,0.015625,0,0
591,570,8c03c3e53ff103bcb1457636b4b8101583ffaae1328a730842f6005315275448,NOT-Malicious General Class,257,43,4.906976744186046,0.0,0.014218009478672985,0,0
592,571,b0917f898b4155a3c712891af88ddff014a76f80de5fd85068053bee8a7787ef,NOT-Malicious General Class,247,42,4.833333333333333,0.0,0.014778325123152709,0,0
593,572,335739cb50a47afe0b1b67967eb3a3903870077898c1d9f78e62a183561719ce,NOT-Malicious General Class,229,39,4.846153846153846,0.0,0.010582010582010581,0,0
594,573,f41b4e704a67a97c2a92b21ec0d76072e110bc9aaf9db154b745c4a40ccbbab7,NOT-Malicious General Class,248,46,4.326086956521739,0.0,0.01507537688442211,0,0
595,574,ccf2486b614be08ac2614fc9ec2b05485fe17310cd21c0adec5fa5f925936821,NOT-Malicious General Class,204,36,4.638888888888889,0.0,0.011976047904191617,0,0
596,575,b6baa8853e15139deb71ed8f7b8f908e91a014d91c3dc06c5a057263f44ee04a,NOT-Malicious General Class,220,40,4.425,0.0,0.011299435028248588,0,0
597,576,eb858f436c367f56520496fcd9907b95c15e4f2cf34d916e47c51883d856132d,NOT-Malicious General Class,170,29,4.827586206896552,0.0,0.014285714285714285,0,0
598,577,fa0ec796cf910646508f71b3b2edbba719f4cbd645eec4c65830ee866583c131,NOT-Malicious General Class,230,43,4.3023255813953485,0.0,0.010810810810810811,0,0
599,578,5f0d3776e8a5dd34b637a991d5897ba863438359c3576f71ff30721671e991c3,NOT-Malicious General Class,219,37,4.864864864864865,0.0,0.011111111111111112,0,0
600,579,e36f3d893f81444773b608a245f1e3e9c72167c1bf031a7da1116eeb8420e9df,NOT-Malicious General Class,229,42,4.404761904761905,0.0,0.010810810810810811,0,0
601,580,53034b0619a786914d5745577ef909f43583eb2eaaeebb8824ed107fa8f5a4d2,NOT-Malicious General Class,219,36,5.055555555555555,0.0,0.01098901098901099,0,0
602,581,071aae400343adf6befc320e63a11ec09a246686ac3cded581df0b9a6a4d487d,NOT-Malicious General Class,180,34,4.264705882352941,0.0,0.013793103448275862,0,0
603,582,f69e76d8a84b52417039fbdb1802d97f82866732ab115656d1a25711d4b87365,NOT-Malicious General Class,175,29,5.0,0.0,0.013793103448275862,0,0
604,583,7bdac36eaf89a4e30091cb9b16f53184a45e0ca4873448b0ad6095bea51dc979,NOT-Malicious General Class,222,38,4.815789473684211,0.0,0.01092896174863388,0,0
605,584,ab5e95565c5e503855b63c95466b55ceb9583ca1dce425bdf3d8649e1beb1088,NOT-Malicious General Class,204,33,5.151515151515151,0.0,0.011764705882352941,0,0
606,585,33a69be92282a1b0f9a0c6cbc04134a61174ef0cf5d939eb73a34eefdf86eef2,NOT-Malicious General Class,191,33,4.7272727272727275,0.0,0.01282051282051282,0,0
607,586,5032a8cc4edf58baf539bbaf782d5ad5b71975ad1f181f9b6d39aa66198a8d8e,NOT-Malicious General Class,165,28,4.857142857142857,0.0,0.014705882352941176,0,0
608,587,594d18d53403263a77675771589d38dda4e913495d04b5515f5cf279142a0863,NOT-Malicious General Class,195,34,4.676470588235294,0.0,0.012578616352201259,0,0
609,588,deb80dbba91cc4fa47dfeb8ce01f79dac70bdacb3e78ab48987bec332f2cb008,NOT-Malicious General Class,175,30,4.8,0.0,0.027777777777777776,0,0
610,589,7a0a3b10a1e921e98fc1263d0da7cc60c2cd01a281da721403d21d874f86768e,Malware,75,12,5.083333333333333,0.0,0.03278688524590164,0,0
611,590,864fbd254f143e019618ad5b7d194402da53a345e262abe0dca9b9d077f3fa6f,Malware,62,12,4.083333333333333,0.0,0.04081632653061224,0,0
612,591,bf66e6f61147e473041cc4832587e6871f086b5aa5f2059d1b484461549eaaf6,Malware,93,13,6.0,0.0,0.02564102564102564,0,0
613,592,e421bbe9cedb581d415bae2f7168ebf558c1bf58693c48b9f5f1843e34d6d9fb,Malware,93,17,4.294117647058823,0.0,0.0410958904109589,0,0
614,593,cb78aabfc320fc69ada7fd465147bdb1cb32bf93260215965dfab177ac60112d,Malware,39,8,3.875,0.0,0.03225806451612903,0,0
615,594,0b861f33fa5fa407160acefff1b034b1266ac68b18bf85935683bebee63260d8,Malware,84,15,4.533333333333333,0.0,0.029411764705882353,0,0
616,595,579cbd0efc2993588c6646da64f5f8e21013858eadc52ddfd0f7e655df01d53b,Malware,113,19,4.894736842105263,0.0,0.021505376344086023,0,0
617,596,de506644b8619714ea8950c9de909ce8f33c1c67b8f00986dbc2974352172b04,Malware,65,11,4.7272727272727275,0.0,0.038461538461538464,0,0
618,597,f405de93d3556c98f450ec55fe0809951e3aeffb6433b17348c89fc6f0ab7f42,Malware,95,15,5.2,0.0,0.02564102564102564,0,0
619,598,913935d4fe3b37548aed0d360e9bb4bc504e70eb71ca4ad500db730fd5a12ba3,Malware,70,11,5.2727272727272725,0.0,0.034482758620689655,0,0
620,599,14fb78ad517f8074ca4d567433f1d60941454cb2ddd2c599548ae45e52b117cc,Phishing,2805,485,4.657731958762887,0.0032085561497326204,0.01018149623727313,0,0
621,600,e424676554402c7e8113a11c5e489779a221b6ebd3d8a9b063a97d1716f63d21,Phishing,1872,344,4.421511627906977,0.002136752136752137,0.0019723865877712033,0,2
622,601,a96c628bb36394ca170ef0660024d888345db89adef6435f31516000ac89a29d,Phishing,2750,496,4.522177419354839,0.002181818181818182,0.0013374944271065537,0,2
623,602,0788b20f0de4bb53a30d8334970c61d4950bc2fc9782e20b43a492edbd3b2939,Phishing,773,133,4.578947368421052,0.009055627425614488,0.016420361247947456,0,0
624,603,7cbec314188a00c7afee9774a1714a966c88b9ba4625588d55ebf7b3572f8c88,Phishing,981,181,4.2707182320441985,0.009174311926605505,0.00646830530401035,0,0
625,604,33076b9fbd03e84aaa4c26d95c87b41afa56880e404fb3d802980d02dd14a6e7,Phishing,346,61,4.590163934426229,0.0,0.010714285714285714,0,0
